Workbook
Name _1Excel_BuiltIn_Print_Area_1_1: "$#REF!.$A$2:$C$35"
Name _MAT2010: #REF!
Name A: #REF!
Name A_2: "$#REF!.$A$4:$U$97"
Name A_5: "$#REF!.$A$4:$U$97"
Name A_6: "$#REF!.$A$4:$U$97"
Name ADELCA_MALLAELECTROSOLDADA_6x2.4m: #REF!
Name ALUMINIO_PLACA: #REF!
Name ARANDELA_PLANA: #REF!
Name ARANDELA_PRESIÓN: #REF!
Name ARANDELA_RELLENO: #REF!
Name area2011: #REF!
Name AREA2014: #REF!
Name AREA2014A: #REF!
Name AREA2014B: #REF!
Name Arriostramientos_2C: 'Lista de Articulos'!$B$2:$B$1048576
Name Arriostramientos_4PL: 'Lista de Articulos'!$C$2:$C$1048576
Name Arriostramientos_H_I: 'Lista de Articulos'!$D$2:$D$1048576
Name BAJANTE_TOOL: #REF!
Name BAJANTES_PVC: #REF!
Name CANAL: #REF!
Name CODO_90ºPVC: #REF!
Name CODO_SCH40: #REF!
Name CODOS_45ºPVC: #REF!
Name CODOS_SCH40: #REF!
Name COT: [1]DATOS!$A$3:$G$647
Name CUBIERTA_A792: #REF!
Name CUBIERTA_INYECTADA: #REF!
Name CUMBRERO: #REF!
Name e: #REF!
Name EJE_TRANSMISIÓN_SAE1018: #REF!
Name Excel_BuiltIn_Print_Area: "$#REF!.$A$47:$I$92"
Name Excel_BuiltIn_Print_Area_2: "$#REF!.$A$39:$I$78"
Name Excel_BuiltIn_Print_Area_4: "$#REF!.$#REF!$#REF!:$#REF!$#REF!"
Name Excel_BuiltIn_Print_Titles: "$#REF!.$A$6:$IV$7"
Name Excel_BuiltIn_Print_Titles_2: "$#REF!.$A$7:$IV$8"
Name Excel_BuiltIn_Print_Titles_5: "$#REF!.$A$7:$IV$8"
Name Excel_BuiltIn_Print_Titles_6: "$#REF!.$A$7:$IV$8"
Name GALPON: #REF!
Name HEA_laminado: #REF!
Name HEB_laminado: #REF!
Name HERRAJE: #REF!
Name HGF: #REF!
Name HILTI: #REF!
Name HOJAINT: #REF!
Name IPE_laminado: #REF!
Name IPN_laminado: #REF!
Name LI: #REF!
Name LISTAM: #REF!
Name LISTAMAT: [2]DATOS!$A$3:$G$647
Name ListaPosicion: 'Lista de Articulos'!$A$2:$A$1048576
Name ListaPosicionPrin: 'ORDENES DE FABRICACION'!$E$6
Name LISTMAT: #REF!
Name LISTMAT_2: "$#REF!.$A$9:$Z$226"
Name LISTMAT_5: "$#REF!.$A$9:$Z$226"
Name LISTMAT_6: "$#REF!.$A$9:$Z$226"
Name LISTMATERILES: #REF!
Name MALLA_EXPANDIDA_PARA_TORRES: #REF!
Name MATER20011: #REF!
Name PARAORDENAR: #REF!

Sheet ORDENES DE FABRICACION
A1: FACTOR
A2: F. ESTRUCTURA | B2: 1
A3: F PERNOS | B3: 1
C4: ESTRUCTURA PRINCIPAL
A5: SERIE | B5: ENTREGA | C5: ITEM | D5: CODIGO | E5: POSICIÓN | F5: SECCION | G5: TEKLA | H5: PESO U | I5: CODIGO EKON | J5: LARGO ( mm ) | K5: ANCHO ( mm ) | L5: AREA TOTAL m2 | M5: PINTURA UNITARIA m2 | N5: PINTURA TOTAL m2 | O5: CANT ( U ) | P5: CANT TOTAL | Q5: PESO PERF ( Kg ) | R5: PESO UNID ( Kg ) | S5: PESO TOTAL (kg) | T5: PESO T ( Kg ) | U5: Peso/ml (Kg/ml) | V5: CATEGORIA (L, M, P, EP) | W5: DIST ENTRE C / C | X5: CODIGO DE PERF | Y5: ø DE PERFORACION | Z5: DESPUNTE IZQ. | AA5: DESPUNTE DER. | AB5: PERF A | AC5: PERF B | AD5: PERF C | AE5: PERF D | AF5: PERF E | AG5: PERF G | AH5: PERF Z | AI5: PERF F | AJ5: ESPECIFICACION DE MATERIAL | AK5: TERMINADO | AL5: PLANO | AM5: OBSERVACIONES
B6: 1 | C6: 1 | D6: M1 | E6: PLACA | F6: =F7 -> PLE 12mm | G6: =G7 -> PL12X121 | J6: =MAX(J7) -> 372 | N6: 0.1 | O6: 26 | P6: =O6*TOTALES!$A$1 -> 26 | Q6: =+R6 -> 4.2401304 | R6: =SUM(R7) -> 4.2401304 | T6: =+R6*P6 -> 110.24339 | U6: =R6/(J6/1000) -> 11.3982 | V6: =IF(U6>100,"EXTRAPESADO",IF(U6<=100,IF(U6>=60,"PESADO",IF(U6<60,IF(U6>=30,"MEDIANO","LIVIANO"))))) -> LIVIANO | AJ6: =AJ7 -> A36 | AL6: =D6 -> M1 | AM6: ;
A7: 687 | B7: =B6 -> 1 | D7: M1 | E7: PLACA | F7: =IF(A7=0,"SERIE",+VLOOKUP(A7,[3]!AREA2014A,3)) -> PLE 12mm | G7: PL12X121 | H7: =IF(A7=0,"PESOU",+VLOOKUP(A7,[3]!AREA2014A,4))*$B$2 -> 94.2 | I7: =IF(A7=0,"CODIGO", +VLOOKUP(A7,[3]!AREA2014A,13)) -> 12.54.52.390.00 | J7: 372 | K7: 121 | L7: 0.1 | M7: 2.41 | O7: 1 | P7: =O7*$P$6 -> 26 | Q7: =IF(K7="",+H7/1000*J7,+H7/1000*J7/1000*K7) -> 4.2401304 | R7: =+Q7*O7 -> 4.2401304 | S7: =+Q7*P7 -> 110.24339 | V7: =IF(U6>100,"EXTRAPESADO",IF(U6<=100,IF(U6>=60,"PESADO",IF(U6<60,IF(U6>=30,"MEDIANO","LIVIANO"))))) -> LIVIANO | AJ7: =IF(A7=0,"NORMA", +VLOOKUP(A7,[3]!AREA2014A,15)) -> A36 | AL7: =AL6 -> M1 | AM7: ;
B8: 1 | C8: 2 | D8: M3 | E8: PLATE | F8: =F9 -> PLE 12mm | G8: =G9 -> PL12X121 | J8: =MAX(J9) -> 372 | N8: 0.1 | O8: 2 | P8: =O8*TOTALES!$A$1 -> 2 | Q8: =+R8 -> 4.2401304 | R8: =SUM(R9) -> 4.2401304 | T8: =+R8*P8 -> 8.4802608 | U8: =R8/(J8/1000) -> 11.3982 | V8: =IF(U8>100,"EXTRAPESADO",IF(U8<=100,IF(U8>=60,"PESADO",IF(U8<60,IF(U8>=30,"MEDIANO","LIVIANO"))))) -> LIVIANO | AJ8: =AJ9 -> A36 | AL8: =D8 -> M3 | AM8: ;
A9: 687 | B9: =B8 -> 1 | D9: M3 | E9: PLATE | F9: =IF(A9=0,"SERIE",+VLOOKUP(A9,[3]!AREA2014A,3)) -> PLE 12mm | G9: PL12X121 | H9: =IF(A9=0,"PESOU",+VLOOKUP(A9,[3]!AREA2014A,4))*$B$2 -> 94.2 | I9: =IF(A9=0,"CODIGO", +VLOOKUP(A9,[3]!AREA2014A,13)) -> 12.54.52.390.00 | J9: 372 | K9: 121 | L9: 0.1 | M9: 0.2 | O9: 1 | P9: =O9*$P$8 -> 2 | Q9: =IF(K9="",+H9/1000*J9,+H9/1000*J9/1000*K9) -> 4.2401304 | R9: =+Q9*O9 -> 4.2401304 | S9: =+Q9*P9 -> 8.4802608 | V9: =IF(U8>100,"EXTRAPESADO",IF(U8<=100,IF(U8>=60,"PESADO",IF(U8<60,IF(U8>=30,"MEDIANO","LIVIANO"))))) -> LIVIANO | AJ9: =IF(A9=0,"NORMA", +VLOOKUP(A9,[3]!AREA2014A,15)) -> A36 | AL9: =AL8 -> M3 | AM9: ;
B10: 1 | C10: 3 | D10: TCL1 | E10: COLUMNA - HEB 300 | F10: =F11 -> PLE 12mm | G10: =G11 -> HEB300 | J10: =MAX(J11:J20) -> 4791 | N10: 10.8 | O10: 1 | P10: =O10*TOTALES!$A$1 -> 1 | Q10: =+R10 -> 730.64032 | R10: =SUM(R11:R20) -> 730.64032 | T10: =+R10*P10 -> 730.64032 | U10: =R10/(J10/1000) -> 152.50268 | V10: =IF(U10>100,"EXTRAPESADO",IF(U10<=100,IF(U10>=60,"PESADO",IF(U10<60,IF(U10>=30,"MEDIANO","LIVIANO"))))) -> EXTRAPESADO | AJ10: =AJ11 -> A36 | AL10: =D10 -> TCL1 | AM10: ;
A11: 687 | B11: =B10 -> 1 | D11: TCL1 | E11: ALMA | F11: =IF(A11=0,"SERIE",+VLOOKUP(A11,[3]!AREA2014A,3)) -> PLE 12mm | G11: HEB300 | H11: =IF(A11=0,"PESOU",+VLOOKUP(A11,[3]!AREA2014A,4))*$B$2 -> 94.2 | I11: =IF(A11=0,"CODIGO", +VLOOKUP(A11,[3]!AREA2014A,13)) -> 12.54.52.390.00 | J11: 4791 | K11: =300-40 -> 260 | L11: 8.548 | M11: 8.55 | O11: 1 | P11: =O11*$P$10 -> 1 | Q11: =IF(K11="",+H11/1000*J11,+H11/1000*J11/1000*K11) -> 117.34117 | R11: =+Q11*O11 -> 117.34117 | S11: =+Q11*P11 -> 117.34117 | V11: =IF(U10>100,"EXTRAPESADO",IF(U10<=100,IF(U10>=60,"PESADO",IF(U10<60,IF(U10>=30,"MEDIANO","LIVIANO"))))) -> EXTRAPESADO | AJ11: =IF(A11=0,"NORMA", +VLOOKUP(A11,[3]!AREA2014A,15)) -> A36 | AL11: =AL10 -> TCL1 | AM11: ;
A12: 693 | B12: =B11 -> 1 | D12: TCL1 | E12: PATIN | F12: =IF(A12=0,"SERIE",+VLOOKUP(A12,[3]!AREA2014A,3)) -> PLE 20mm | G12: HEB300 | H12: =IF(A12=0,"PESOU",+VLOOKUP(A12,[3]!AREA2014A,4))*$B$2 -> 157 | I12: =IF(A12=0,"CODIGO", +VLOOKUP(A12,[3]!AREA2014A,13)) -> 12.54.52.470.03 | J12: 4791 | K12: 300 | L12: 8.548 | M12: 8.55 | O12: 2 | P12: =O12*$P$10 -> 2 | Q12: =IF(K12="",+H12/1000*J12,+H12/1000*J12/1000*K12) -> 225.6561 | R12: =+Q12*O12 -> 451.3122 | S12: =+Q12*P12 -> 451.3122 | V12: =IF(U11>100,"EXTRAPESADO",IF(U11<=100,IF(U11>=60,"PESADO",IF(U11<60,IF(U11>=30,"MEDIANO","LIVIANO"))))) -> LIVIANO | AJ12: =IF(A12=0,"NORMA", +VLOOKUP(A12,[3]!AREA2014A,15)) -> A36 | AL12: =AL11 -> TCL1 | AM12: ;
A13: 979 | B13: =B10 -> 1 | D13: p1 | E13: PLACA | F13: =IF(A13=0,"SERIE",+VLOOKUP(A13,[3]!AREA2014A,3)) -> PLE 15mm | G13: PL10X144 | H13: =IF(A13=0,"PESOU",+VLOOKUP(A13,[3]!AREA2014A,4))*$B$2 -> 117.75 | I13: =IF(A13=0,"CODIGO", +VLOOKUP(A13,[3]!AREA2014A,13)) -> 12.54.52.420.00 | J13: 149 | K13: 144 | L13: 0.033 | M13: 0.07 | O13: 2 | P13: =O13*$P$10 -> 2 | Q13: =IF(K13="",+H13/1000*J13,+H13/1000*J13/1000*K13) -> 2.526444 | R13: =+Q13*O13 -> 5.052888 | S13: =+Q13*P13 -> 5.052888 | V13: =IF(U10>100,"EXTRAPESADO",IF(U10<=100,IF(U10>=60,"PESADO",IF(U10<60,IF(U10>=30,"MEDIANO","LIVIANO"))))) -> EXTRAPESADO | AJ13: =IF(A13=0,"NORMA", +VLOOKUP(A13,[3]!AREA2014A,15)) -> A572 G50 | AL13: =AL11 -> TCL1 | AM13: ;
A14: 693 | B14: =B10 -> 1 | D14: pb1 | E14: PLACA BASE | F14: =IF(A14=0,"SERIE",+VLOOKUP(A14,[3]!AREA2014A,3)) -> PLE 20mm | G14: PL20X460 | H14: =IF(A14=0,"PESOU",+VLOOKUP(A14,[3]!AREA2014A,4))*$B$2 -> 157 | I14: =IF(A14=0,"CODIGO", +VLOOKUP(A14,[3]!AREA2014A,13)) -> 12.54.52.470.03 | J14: 460 | K14: 460 | L14: 0.46 | M14: 0.46 | O14: 1 | P14: =O14*$P$10 -> 1 | Q14: =IF(K14="",+H14/1000*J14,+H14/1000*J14/1000*K14) -> 33.2212 | R14: =+Q14*O14 -> 33.2212 | S14: =+Q14*P14 -> 33.2212 | V14: =IF(U10>100,"EXTRAPESADO",IF(U10<=100,IF(U10>=60,"PESADO",IF(U10<60,IF(U10>=30,"MEDIANO","LIVIANO"))))) -> EXTRAPESADO | AJ14: =IF(A14=0,"NORMA", +VLOOKUP(A14,[3]!AREA2014A,15)) -> A36 | AL14: =AL13 -> TCL1 | AM14: ;
A15: 693 | B15: =B10 -> 1 | D15: pl7 | E15: ENDPLATE_1 | F15: =IF(A15=0,"SERIE",+VLOOKUP(A15,[3]!AREA2014A,3)) -> PLE 20mm | G15: PL20X250 | H15: =IF(A15=0,"PESOU",+VLOOKUP(A15,[3]!AREA2014A,4))*$B$2 -> 157 | I15: =IF(A15=0,"CODIGO", +VLOOKUP(A15,[3]!AREA2014A,13)) -> 12.54.52.470.03 | J15: 350 | K15: 250 | L15: 0.199 | M15: 0.2 | O15: 1 | P15: =O15*$P$10 -> 1 | Q15: =IF(K15="",+H15/1000*J15,+H15/1000*J15/1000*K15) -> 13.7375 | R15: =+Q15*O15 -> 13.7375 | S15: =+Q15*P15 -> 13.7375 | V15: =IF(U10>100,"EXTRAPESADO",IF(U10<=100,IF(U10>=60,"PESADO",IF(U10<60,IF(U10>=30,"MEDIANO","LIVIANO"))))) -> EXTRAPESADO | AJ15: =IF(A15=0,"NORMA", +VLOOKUP(A15,[3]!AREA2014A,15)) -> A36 | AL15: =AL14 -> TCL1 | AM15: ;
A16: 693 | B16: =B10 -> 1 | D16: pl8 | E16: PLACA | F16: =IF(A16=0,"SERIE",+VLOOKUP(A16,[3]!AREA2014A,3)) -> PLE 20mm | G16: PL20X259 | H16: =IF(A16=0,"PESOU",+VLOOKUP(A16,[3]!AREA2014A,4))*$B$2 -> 157 | I16: =IF(A16=0,"CODIGO", +VLOOKUP(A16,[3]!AREA2014A,13)) -> 12.54.52.470.03 | J16: 345 | K16: 259 | L16: 0.199 | M16: 0.8 | O16: 4 | P16: =O16*$P$10 -> 4 | Q16: =IF(K16="",+H16/1000*J16,+H16/1000*J16/1000*K16) -> 14.028735 | R16: =+Q16*O16 -> 56.11494 | S16: =+Q16*P16 -> 56.11494 | V16: =IF(U10>100,"EXTRAPESADO",IF(U10<=100,IF(U10>=60,"PESADO",IF(U10<60,IF(U10>=30,"MEDIANO","LIVIANO"))))) -> EXTRAPESADO | AJ16: =IF(A16=0,"NORMA", +VLOOKUP(A16,[3]!AREA2014A,15)) -> A36 | AL16: =AL15 -> TCL1 | AM16: ;
A17: 693 | B17: =B10 -> 1 | D17: pl9 | E17: PLACA | F17: =IF(A17=0,"SERIE",+VLOOKUP(A17,[3]!AREA2014A,3)) -> PLE 20mm | G17: PL20X145 | H17: =IF(A17=0,"PESOU",+VLOOKUP(A17,[3]!AREA2014A,4))*$B$2 -> 157 | I17: =IF(A17=0,"CODIGO", +VLOOKUP(A17,[3]!AREA2014A,13)) -> 12.54.52.470.03 | J17: 258 | K17: 145 | L17: 0.089 | M17: 0.36 | O17: 4 | P17: =O17*$P$10 -> 4 | Q17: =IF(K17="",+H17/1000*J17,+H17/1000*J17/1000*K17) -> 5.87337 | R17: =+Q17*O17 -> 23.49348 | S17: =+Q17*P17 -> 23.49348 | V17: =IF(U10>100,"EXTRAPESADO",IF(U10<=100,IF(U10>=60,"PESADO",IF(U10<60,IF(U10>=30,"MEDIANO","LIVIANO"))))) -> EXTRAPESADO | AJ17: =IF(A17=0,"NORMA", +VLOOKUP(A17,[3]!AREA2014A,15)) -> A36 | AL17: =AL16 -> TCL1 | AM17: ;
A18: 687 | B18: =B10 -> 1 | D18: pl10 | E18: PLACA | F18: =IF(A18=0,"SERIE",+VLOOKUP(A18,[3]!AREA2014A,3)) -> PLE 12mm | G18: PL12X300 | H18: =IF(A18=0,"PESOU",+VLOOKUP(A18,[3]!AREA2014A,4))*$B$2 -> 94.2 | I18: =IF(A18=0,"CODIGO", +VLOOKUP(A18,[3]!AREA2014A,13)) -> 12.54.52.390.00 | J18: 345 | K18: 300 | L18: 0.219 | M18: 0.22 | O18: 1 | P18: =O18*$P$10 -> 1 | Q18: =IF(K18="",+H18/1000*J18,+H18/1000*J18/1000*K18) -> 9.7497 | R18: =+Q18*O18 -> 9.7497 | S18: =+Q18*P18 -> 9.7497 | V18: =IF(U10>100,"EXTRAPESADO",IF(U10<=100,IF(U10>=60,"PESADO",IF(U10<60,IF(U10>=30,"MEDIANO","LIVIANO"))))) -> EXTRAPESADO | AJ18: =IF(A18=0,"NORMA", +VLOOKUP(A18,[3]!AREA2014A,15)) -> A36 | AL18: =AL17 -> TCL1 | AM18: ;
A19: 693 | B19: =B10 -> 1 | D19: pl11 | E19: ENDPLATE_1 | F19: =IF(A19=0,"SERIE",+VLOOKUP(A19,[3]!AREA2014A,3)) -> PLE 20mm | G19: PL20X250 | H19: =IF(A19=0,"PESOU",+VLOOKUP(A19,[3]!AREA2014A,4))*$B$2 -> 157 | I19: =IF(A19=0,"CODIGO", +VLOOKUP(A19,[3]!AREA2014A,13)) -> 12.54.52.470.03 | J19: 310 | K19: 250 | L19: 0.177 | M19: 0.18 | O19: 1 | P19: =O19*$P$10 -> 1 | Q19: =IF(K19="",+H19/1000*J19,+H19/1000*J19/1000*K19) -> 12.1675 | R19: =+Q19*O19 -> 12.1675 | S19: =+Q19*P19 -> 12.1675 | V19: =IF(U10>100,"EXTRAPESADO",IF(U10<=100,IF(U10>=60,"PESADO",IF(U10<60,IF(U10>=30,"MEDIANO","LIVIANO"))))) -> EXTRAPESADO | AJ19: =IF(A19=0,"NORMA", +VLOOKUP(A19,[3]!AREA2014A,15)) -> A36 | AL19: =AL18 -> TCL1 | AM19: ;
A20: 687 | B20: =B10 -> 1 | D20: pl12 | E20: PLACA | F20: =IF(A20=0,"SERIE",+VLOOKUP(A20,[3]!AREA2014A,3)) -> PLE 12mm | G20: PL12X260 | H20: =IF(A20=0,"PESOU",+VLOOKUP(A20,[3]!AREA2014A,4))*$B$2 -> 94.2 | I20: =IF(A20=0,"CODIGO", +VLOOKUP(A20,[3]!AREA2014A,13)) -> 12.54.52.390.00 | J20: 345 | K20: 260 | L20: 0.19 | M20: 0.19 | O20: 1 | P20: =O20*$P$10 -> 1 | Q20: =IF(K20="",+H20/1000*J20,+H20/1000*J20/1000*K20) -> 8.44974 | R20: =+Q20*O20 -> 8.44974 | S20: =+Q20*P20 -> 8.44974 | V20: =IF(U10>100,"EXTRAPESADO",IF(U10<=100,IF(U10>=60,"PESADO",IF(U10<60,IF(U10>=30,"MEDIANO","LIVIANO"))))) -> EXTRAPESADO | AJ20: =IF(A20=0,"NORMA", +VLOOKUP(A20,[3]!AREA2014A,15)) -> A36 | AL20: =AL19 -> TCL1 | AM20: ;
B21: 1 | C21: 4 | D21: TCL2 | E21: COLUMNA - HEB200 | F21: =F22 -> PLE 10mm | G21: =G22 -> HEB200 | J21: =MAX(J22:J25) -> 5076 | N21: 6.4 | O21: 1 | P21: =O21*TOTALES!$A$1 -> 1 | Q21: =+R21 -> 345.09291 | R21: =SUM(R22:R25) -> 345.09291 | T21: =+R21*P21 -> 345.09291 | U21: =R21/(J21/1000) -> 67.985206 | V21: =IF(U21>100,"EXTRAPESADO",IF(U21<=100,IF(U21>=60,"PESADO",IF(U21<60,IF(U21>=30,"MEDIANO","LIVIANO"))))) -> PESADO | AJ21: =AJ22 -> A36 | AL21: =D21 -> TCL2 | AM21: ;
A22: 686 | B22: =B21 -> 1 | D22: TCL2 | E22: ALMA | F22: =IF(A22=0,"SERIE",+VLOOKUP(A22,[3]!AREA2014A,3)) -> PLE 10mm | G22: HEB200 | H22: =IF(A22=0,"PESOU",+VLOOKUP(A22,[3]!AREA2014A,4))*$B$2 -> 78.5 | I22: =IF(A22=0,"CODIGO", +VLOOKUP(A22,[3]!AREA2014A,13)) -> 12.54.52.370.07 | J22: 5076 | K22: =200-30 -> 170 | L22: 6.015 | M22: 6.02 | O22: 1 | P22: =O22*$P$21 -> 1 | Q22: =IF(K22="",+H22/1000*J22,+H22/1000*J22/1000*K22) -> 67.73922 | R22: =+Q22*O22 -> 67.73922 | S22: =+Q22*P22 -> 67.73922 | V22: =IF(U21>100,"EXTRAPESADO",IF(U21<=100,IF(U21>=60,"PESADO",IF(U21<60,IF(U21>=30,"MEDIANO","LIVIANO"))))) -> PESADO | AJ22: =IF(A22=0,"NORMA", +VLOOKUP(A22,[3]!AREA2014A,15)) -> A36 | AL22: =AL21 -> TCL2 | AM22: ;
A23: 689 | B23: =B22 -> 1 | D23: TCL2 | E23: PATIN | F23: =IF(A23=0,"SERIE",+VLOOKUP(A23,[3]!AREA2014A,3)) -> PLE 15mm | G23: HEB200 | H23: =IF(A23=0,"PESOU",+VLOOKUP(A23,[3]!AREA2014A,4))*$B$2 -> 117.75 | I23: =IF(A23=0,"CODIGO", +VLOOKUP(A23,[3]!AREA2014A,13)) -> 12.54.52.420.01 | J23: 5076 | K23: 200 | L23: 6.015 | M23: 6.02 | O23: 2 | P23: =O23*$P$21 -> 2 | Q23: =IF(K23="",+H23/1000*J23,+H23/1000*J23/1000*K23) -> 119.5398 | R23: =+Q23*O23 -> 239.0796 | S23: =+Q23*P23 -> 239.0796 | V23: =IF(U22>100,"EXTRAPESADO",IF(U22<=100,IF(U22>=60,"PESADO",IF(U22<60,IF(U22>=30,"MEDIANO","LIVIANO"))))) -> LIVIANO | AJ23: =IF(A23=0,"NORMA", +VLOOKUP(A23,[3]!AREA2014A,15)) -> A36 | AL23: =AL22 -> TCL2 | AM23: ;
A24: 979 | B24: =B21 -> 1 | D24: p4 | E24: PLACA | F24: =IF(A24=0,"SERIE",+VLOOKUP(A24,[3]!AREA2014A,3)) -> PLE 15mm | G24: PL10X144 | H24: =IF(A24=0,"PESOU",+VLOOKUP(A24,[3]!AREA2014A,4))*$B$2 -> 117.75 | I24: =IF(A24=0,"CODIGO", +VLOOKUP(A24,[3]!AREA2014A,13)) -> 12.54.52.420.00 | J24: 149 | K24: 144 | L24: 0.033 | M24: 0.07 | O24: 2 | P24: =O24*$P$21 -> 2 | Q24: =IF(K24="",+H24/1000*J24,+H24/1000*J24/1000*K24) -> 2.526444 | R24: =+Q24*O24 -> 5.052888 | S24: =+Q24*P24 -> 5.052888 | V24: =IF(U21>100,"EXTRAPESADO",IF(U21<=100,IF(U21>=60,"PESADO",IF(U21<60,IF(U21>=30,"MEDIANO","LIVIANO"))))) -> PESADO | AJ24: =IF(A24=0,"NORMA", +VLOOKUP(A24,[3]!AREA2014A,15)) -> A572 G50 | AL24: =AL22 -> TCL2 | AM24: ;
A25: 693 | B25: =B21 -> 1 | D25: pb1 | E25: PLACA BASE | F25: =IF(A25=0,"SERIE",+VLOOKUP(A25,[3]!AREA2014A,3)) -> PLE 20mm | G25: PL20X460 | H25: =IF(A25=0,"PESOU",+VLOOKUP(A25,[3]!AREA2014A,4))*$B$2 -> 157 | I25: =IF(A25=0,"CODIGO", +VLOOKUP(A25,[3]!AREA2014A,13)) -> 12.54.52.470.03 | J25: 460 | K25: 460 | L25: 0.46 | M25: 0.46 | O25: 1 | P25: =O25*$P$21 -> 1 | Q25: =IF(K25="",+H25/1000*J25,+H25/1000*J25/1000*K25) -> 33.2212 | R25: =+Q25*O25 -> 33.2212 | S25: =+Q25*P25 -> 33.2212 | V25: =IF(U21>100,"EXTRAPESADO",IF(U21<=100,IF(U21>=60,"PESADO",IF(U21<60,IF(U21>=30,"MEDIANO","LIVIANO"))))) -> PESADO | AJ25: =IF(A25=0,"NORMA", +VLOOKUP(A25,[3]!AREA2014A,15)) -> A36 | AL25: =AL24 -> TCL2 | AM25: ;
B26: 1 | C26: 5 | D26: TCL3 | E26: COLUMNA - HEB 300 | F26: =F27 -> PLE 12mm | G26: =G27 -> HEB300 | J26: =MAX(J27:J32) -> 5076 | N26: 10.2 | O26: 1 | P26: =O26*TOTALES!$A$1 -> 1 | Q26: =+R26 -> 698.9213 | R26: =SUM(R27:R32) -> 698.9213 | T26: =+R26*P26 -> 698.9213 | U26: =R26/(J26/1000) -> 137.69135 | V26: =IF(U26>100,"EXTRAPESADO",IF(U26<=100,IF(U26>=60,"PESADO",IF(U26<60,IF(U26>=30,"MEDIANO","LIVIANO"))))) -> EXTRAPESADO | AJ26: =AJ27 -> A36 | AL26: =D26 -> TCL3 | AM26: ;
A27: 687 | B27: =B26 -> 1 | D27: TCL3 | E27: ALMA | F27: =IF(A27=0,"SERIE",+VLOOKUP(A27,[3]!AREA2014A,3)) -> PLE 12mm | G27: HEB300 | H27: =IF(A27=0,"PESOU",+VLOOKUP(A27,[3]!AREA2014A,4))*$B$2 -> 94.2 | I27: =IF(A27=0,"CODIGO", +VLOOKUP(A27,[3]!AREA2014A,13)) -> 12.54.52.390.00 | J27: 5076 | K27: =300-40 -> 260 | L27: 9.054 | M27: 9.05 | O27: 1 | P27: =O27*$P$26 -> 1 | Q27: =IF(K27="",+H27/1000*J27,+H27/1000*J27/1000*K27) -> 124.32139 | R27: =+Q27*O27 -> 124.32139 | S27: =+Q27*P27 -> 124.32139 | V27: =IF(U26>100,"EXTRAPESADO",IF(U26<=100,IF(U26>=60,"PESADO",IF(U26<60,IF(U26>=30,"MEDIANO","LIVIANO"))))) -> EXTRAPESADO | AJ27: =IF(A27=0,"NORMA", +VLOOKUP(A27,[3]!AREA2014A,15)) -> A36 | AL27: =AL26 -> TCL3 | AM27: ;
A28: 693 | B28: =B27 -> 1 | D28: TCL3 | E28: PATIN | F28: =IF(A28=0,"SERIE",+VLOOKUP(A28,[3]!AREA2014A,3)) -> PLE 20mm | G28: HEB300 | H28: =IF(A28=0,"PESOU",+VLOOKUP(A28,[3]!AREA2014A,4))*$B$2 -> 157 | I28: =IF(A28=0,"CODIGO", +VLOOKUP(A28,[3]!AREA2014A,13)) -> 12.54.52.470.03 | J28: 5076 | K28: 300 | L28: 9.054 | M28: 9.05 | O28: 2 | P28: =O28*$P$26 -> 2 | Q28: =IF(K28="",+H28/1000*J28,+H28/1000*J28/1000*K28) -> 239.0796 | R28: =+Q28*O28 -> 478.1592 | S28: =+Q28*P28 -> 478.1592 | V28: =IF(U27>100,"EXTRAPESADO",IF(U27<=100,IF(U27>=60,"PESADO",IF(U27<60,IF(U27>=30,"MEDIANO","LIVIANO"))))) -> LIVIANO | AJ28: =IF(A28=0,"NORMA", +VLOOKUP(A28,[3]!AREA2014A,15)) -> A36 | AL28: =AL27 -> TCL3 | AM28: ;
A29: 693 | B29: =B26 -> 1 | D29: a3 | E29: PLACA | F29: =IF(A29=0,"SERIE",+VLOOKUP(A29,[3]!AREA2014A,3)) -> PLE 20mm | G29: PL20X143 | H29: =IF(A29=0,"PESOU",+VLOOKUP(A29,[3]!AREA2014A,4))*$B$2 -> 157 | I29: =IF(A29=0,"CODIGO", +VLOOKUP(A29,[3]!AREA2014A,13)) -> 12.54.52.470.03 | J29: 258 | K29: 143 | L29: 0.088 | M29: 0.35 | O29: 4 | P29: =O29*$P$26 -> 4 | Q29: =IF(K29="",+H29/1000*J29,+H29/1000*J29/1000*K29) -> 5.792358 | R29: =+Q29*O29 -> 23.169432 | S29: =+Q29*P29 -> 23.169432 | V29: =IF(U26>100,"EXTRAPESADO",IF(U26<=100,IF(U26>=60,"PESADO",IF(U26<60,IF(U26>=30,"MEDIANO","LIVIANO"))))) -> EXTRAPESADO | AJ29: =IF(A29=0,"NORMA", +VLOOKUP(A29,[3]!AREA2014A,15)) -> A36 | AL29: =AL27 -> TCL3 | AM29: ;
A30: 693 | B30: =B26 -> 1 | D30: a3 | E30: PLACA | F30: =IF(A30=0,"SERIE",+VLOOKUP(A30,[3]!AREA2014A,3)) -> PLE 20mm | G30: PL20X144 | H30: =IF(A30=0,"PESOU",+VLOOKUP(A30,[3]!AREA2014A,4))*$B$2 -> 157 | I30: =IF(A30=0,"CODIGO", +VLOOKUP(A30,[3]!AREA2014A,13)) -> 12.54.52.470.03 | J30: 258 | K30: 144 | L30: 0.089 | M30: 0.53 | O30: 6 | P30: =O30*$P$26 -> 6 | Q30: =IF(K30="",+H30/1000*J30,+H30/1000*J30/1000*K30) -> 5.832864 | R30: =+Q30*O30 -> 34.997184 | S30: =+Q30*P30 -> 34.997184 | V30: =IF(U26>100,"EXTRAPESADO",IF(U26<=100,IF(U26>=60,"PESADO",IF(U26<60,IF(U26>=30,"MEDIANO","LIVIANO"))))) -> EXTRAPESADO | AJ30: =IF(A30=0,"NORMA", +VLOOKUP(A30,[3]!AREA2014A,15)) -> A36 | AL30: =AL29 -> TCL3 | AM30: ;
A31: 979 | B31: =B26 -> 1 | D31: p1 | E31: PLACA | F31: =IF(A31=0,"SERIE",+VLOOKUP(A31,[3]!AREA2014A,3)) -> PLE 15mm | G31: PL10X144 | H31: =IF(A31=0,"PESOU",+VLOOKUP(A31,[3]!AREA2014A,4))*$B$2 -> 117.75 | I31: =IF(A31=0,"CODIGO", +VLOOKUP(A31,[3]!AREA2014A,13)) -> 12.54.52.420.00 | J31: 149 | K31: 144 | L31: 0.033 | M31: 0.07 | O31: 2 | P31: =O31*$P$26 -> 2 | Q31: =IF(K31="",+H31/1000*J31,+H31/1000*J31/1000*K31) -> 2.526444 | R31: =+Q31*O31 -> 5.052888 | S31: =+Q31*P31 -> 5.052888 | V31: =IF(U26>100,"EXTRAPESADO",IF(U26<=100,IF(U26>=60,"PESADO",IF(U26<60,IF(U26>=30,"MEDIANO","LIVIANO"))))) -> EXTRAPESADO | AJ31: =IF(A31=0,"NORMA", +VLOOKUP(A31,[3]!AREA2014A,15)) -> A572 G50 | AL31: =AL30 -> TCL3 | AM31: ;
A32: 693 | B32: =B26 -> 1 | D32: pb1 | E32: PLACA BASE | F32: =IF(A32=0,"SERIE",+VLOOKUP(A32,[3]!AREA2014A,3)) -> PLE 20mm | G32: PL20X460 | H32: =IF(A32=0,"PESOU",+VLOOKUP(A32,[3]!AREA2014A,4))*$B$2 -> 157 | I32: =IF(A32=0,"CODIGO", +VLOOKUP(A32,[3]!AREA2014A,13)) -> 12.54.52.470.03 | J32: 460 | K32: 460 | L32: 0.46 | M32: 0.46 | O32: 1 | P32: =O32*$P$26 -> 1 | Q32: =IF(K32="",+H32/1000*J32,+H32/1000*J32/1000*K32) -> 33.2212 | R32: =+Q32*O32 -> 33.2212 | S32: =+Q32*P32 -> 33.2212 | V32: =IF(U26>100,"EXTRAPESADO",IF(U26<=100,IF(U26>=60,"PESADO",IF(U26<60,IF(U26>=30,"MEDIANO","LIVIANO"))))) -> EXTRAPESADO | AJ32: =IF(A32=0,"NORMA", +VLOOKUP(A32,[3]!AREA2014A,15)) -> A36 | AL32: =AL31 -> TCL3 | AM32: ;
B33: 1 | C33: 6 | D33: TCL4 | E33: COLUMNA - HEB 300 | F33: =F34 -> PLE 12mm | G33: =G34 -> HEB300 | J33: =MAX(J34:J43) -> 5076 | N33: 11.3 | O33: 1 | P33: =O33*TOTALES!$A$1 -> 1 | Q33: =+R33 -> 764.46754 | R33: =SUM(R34:R43) -> 764.46754 | T33: =+R33*P33 -> 764.46754 | U33: =R33/(J33/1000) -> 150.60432 | V33: =IF(U33>100,"EXTRAPESADO",IF(U33<=100,IF(U33>=60,"PESADO",IF(U33<60,IF(U33>=30,"MEDIANO","LIVIANO"))))) -> EXTRAPESADO | AJ33: =AJ34 -> A36 | AL33: =D33 -> TCL4 | AM33: ;
A34: 687 | B34: =B33 -> 1 | D34: TCL4 | E34: ALMA | F34: =IF(A34=0,"SERIE",+VLOOKUP(A34,[3]!AREA2014A,3)) -> PLE 12mm | G34: HEB300 | H34: =IF(A34=0,"PESOU",+VLOOKUP(A34,[3]!AREA2014A,4))*$B$2 -> 94.2 | I34: =IF(A34=0,"CODIGO", +VLOOKUP(A34,[3]!AREA2014A,13)) -> 12.54.52.390.00 | J34: 5076 | K34: =300-40 -> 260 | L34: 9.054 | M34: 9.05 | O34: 1 | P34: =O34*$P$33 -> 1 | Q34: =IF(K34="",+H34/1000*J34,+H34/1000*J34/1000*K34) -> 124.32139 | R34: =+Q34*O34 -> 124.32139 | S34: =+Q34*P34 -> 124.32139 | V34: =IF(U33>100,"EXTRAPESADO",IF(U33<=100,IF(U33>=60,"PESADO",IF(U33<60,IF(U33>=30,"MEDIANO","LIVIANO"))))) -> EXTRAPESADO | AJ34: =IF(A34=0,"NORMA", +VLOOKUP(A34,[3]!AREA2014A,15)) -> A36 | AL34: =AL33 -> TCL4 | AM34: ;
A35: 693 | B35: =B34 -> 1 | D35: TCL4 | E35: PATIN | F35: =IF(A35=0,"SERIE",+VLOOKUP(A35,[3]!AREA2014A,3)) -> PLE 20mm | G35: HEB300 | H35: =IF(A35=0,"PESOU",+VLOOKUP(A35,[3]!AREA2014A,4))*$B$2 -> 157 | I35: =IF(A35=0,"CODIGO", +VLOOKUP(A35,[3]!AREA2014A,13)) -> 12.54.52.470.03 | J35: 5076 | K35: 300 | L35: 9.054 | M35: 9.05 | O35: 2 | P35: =O35*$P$33 -> 2 | Q35: =IF(K35="",+H35/1000*J35,+H35/1000*J35/1000*K35) -> 239.0796 | R35: =+Q35*O35 -> 478.1592 | S35: =+Q35*P35 -> 478.1592 | V35: =IF(U34>100,"EXTRAPESADO",IF(U34<=100,IF(U34>=60,"PESADO",IF(U34<60,IF(U34>=30,"MEDIANO","LIVIANO"))))) -> LIVIANO | AJ35: =IF(A35=0,"NORMA", +VLOOKUP(A35,[3]!AREA2014A,15)) -> A36 | AL35: =AL34 -> TCL4 | AM35: ;
A36: 979 | B36: =B33 -> 1 | D36: p1 | E36: PLACA | F36: =IF(A36=0,"SERIE",+VLOOKUP(A36,[3]!AREA2014A,3)) -> PLE 15mm | G36: PL10X144 | H36: =IF(A36=0,"PESOU",+VLOOKUP(A36,[3]!AREA2014A,4))*$B$2 -> 117.75 | I36: =IF(A36=0,"CODIGO", +VLOOKUP(A36,[3]!AREA2014A,13)) -> 12.54.52.420.00 | J36: 149 | K36: 144 | L36: 0.033 | M36: 0.07 | O36: 2 | P36: =O36*$P$33 -> 2 | Q36: =IF(K36="",+H36/1000*J36,+H36/1000*J36/1000*K36) -> 2.526444 | R36: =+Q36*O36 -> 5.052888 | S36: =+Q36*P36 -> 5.052888 | V36: =IF(U33>100,"EXTRAPESADO",IF(U33<=100,IF(U33>=60,"PESADO",IF(U33<60,IF(U33>=30,"MEDIANO","LIVIANO"))))) -> EXTRAPESADO | AJ36: =IF(A36=0,"NORMA", +VLOOKUP(A36,[3]!AREA2014A,15)) -> A572 G50 | AL36: =AL34 -> TCL4 | AM36: ;
A37: 693 | B37: =B33 -> 1 | D37: pb1 | E37: PLACA BASE | F37: =IF(A37=0,"SERIE",+VLOOKUP(A37,[3]!AREA2014A,3)) -> PLE 20mm | G37: PL20X460 | H37: =IF(A37=0,"PESOU",+VLOOKUP(A37,[3]!AREA2014A,4))*$B$2 -> 157 | I37: =IF(A37=0,"CODIGO", +VLOOKUP(A37,[3]!AREA2014A,13)) -> 12.54.52.470.03 | J37: 460 | K37: 460 | L37: 0.46 | M37: 0.46 | O37: 1 | P37: =O37*$P$33 -> 1 | Q37: =IF(K37="",+H37/1000*J37,+H37/1000*J37/1000*K37) -> 33.2212 | R37: =+Q37*O37 -> 33.2212 | S37: =+Q37*P37 -> 33.2212 | V37: =IF(U33>100,"EXTRAPESADO",IF(U33<=100,IF(U33>=60,"PESADO",IF(U33<60,IF(U33>=30,"MEDIANO","LIVIANO"))))) -> EXTRAPESADO | AJ37: =IF(A37=0,"NORMA", +VLOOKUP(A37,[3]!AREA2014A,15)) -> A36 | AL37: =AL36 -> TCL4 | AM37: ;
A38: 693 | B38: =B33 -> 1 | D38: pl7 | E38: ENDPLATE_1 | F38: =IF(A38=0,"SERIE",+VLOOKUP(A38,[3]!AREA2014A,3)) -> PLE 20mm | G38: PL20X250 | H38: =IF(A38=0,"PESOU",+VLOOKUP(A38,[3]!AREA2014A,4))*$B$2 -> 157 | I38: =IF(A38=0,"CODIGO", +VLOOKUP(A38,[3]!AREA2014A,13)) -> 12.54.52.470.03 | J38: 350 | K38: 250 | L38: 0.199 | M38: 0.2 | O38: 1 | P38: =O38*$P$33 -> 1 | Q38: =IF(K38="",+H38/1000*J38,+H38/1000*J38/1000*K38) -> 13.7375 | R38: =+Q38*O38 -> 13.7375 | S38: =+Q38*P38 -> 13.7375 | V38: =IF(U33>100,"EXTRAPESADO",IF(U33<=100,IF(U33>=60,"PESADO",IF(U33<60,IF(U33>=30,"MEDIANO","LIVIANO"))))) -> EXTRAPESADO | AJ38: =IF(A38=0,"NORMA", +VLOOKUP(A38,[3]!AREA2014A,15)) -> A36 | AL38: =AL37 -> TCL4 | AM38: ;
A39: 693 | B39: =B33 -> 1 | D39: pl8 | E39: PLACA | F39: =IF(A39=0,"SERIE",+VLOOKUP(A39,[3]!AREA2014A,3)) -> PLE 20mm | G39: PL20X259 | H39: =IF(A39=0,"PESOU",+VLOOKUP(A39,[3]!AREA2014A,4))*$B$2 -> 157 | I39: =IF(A39=0,"CODIGO", +VLOOKUP(A39,[3]!AREA2014A,13)) -> 12.54.52.470.03 | J39: 345 | K39: 259 | L39: 0.199 | M39: 0.8 | O39: 4 | P39: =O39*$P$33 -> 4 | Q39: =IF(K39="",+H39/1000*J39,+H39/1000*J39/1000*K39) -> 14.028735 | R39: =+Q39*O39 -> 56.11494 | S39: =+Q39*P39 -> 56.11494 | V39: =IF(U33>100,"EXTRAPESADO",IF(U33<=100,IF(U33>=60,"PESADO",IF(U33<60,IF(U33>=30,"MEDIANO","LIVIANO"))))) -> EXTRAPESADO | AJ39: =IF(A39=0,"NORMA", +VLOOKUP(A39,[3]!AREA2014A,15)) -> A36 | AL39: =AL38 -> TCL4 | AM39: ;
A40: 693 | B40: =B33 -> 1 | D40: pl9 | E40: PLACA | F40: =IF(A40=0,"SERIE",+VLOOKUP(A40,[3]!AREA2014A,3)) -> PLE 20mm | G40: PL20X145 | H40: =IF(A40=0,"PESOU",+VLOOKUP(A40,[3]!AREA2014A,4))*$B$2 -> 157 | I40: =IF(A40=0,"CODIGO", +VLOOKUP(A40,[3]!AREA2014A,13)) -> 12.54.52.470.03 | J40: 258 | K40: 145 | L40: 0.089 | M40: 0.36 | O40: 4 | P40: =O40*$P$33 -> 4 | Q40: =IF(K40="",+H40/1000*J40,+H40/1000*J40/1000*K40) -> 5.87337 | R40: =+Q40*O40 -> 23.49348 | S40: =+Q40*P40 -> 23.49348 | V40: =IF(U33>100,"EXTRAPESADO",IF(U33<=100,IF(U33>=60,"PESADO",IF(U33<60,IF(U33>=30,"MEDIANO","LIVIANO"))))) -> EXTRAPESADO | AJ40: =IF(A40=0,"NORMA", +VLOOKUP(A40,[3]!AREA2014A,15)) -> A36 | AL40: =AL39 -> TCL4 | AM40: ;
A41: 687 | B41: =B33 -> 1 | D41: pl10 | E41: PLACA | F41: =IF(A41=0,"SERIE",+VLOOKUP(A41,[3]!AREA2014A,3)) -> PLE 12mm | G41: PL12X300 | H41: =IF(A41=0,"PESOU",+VLOOKUP(A41,[3]!AREA2014A,4))*$B$2 -> 94.2 | I41: =IF(A41=0,"CODIGO", +VLOOKUP(A41,[3]!AREA2014A,13)) -> 12.54.52.390.00 | J41: 345 | K41: 300 | L41: 0.219 | M41: 0.22 | O41: 1 | P41: =O41*$P$33 -> 1 | Q41: =IF(K41="",+H41/1000*J41,+H41/1000*J41/1000*K41) -> 9.7497 | R41: =+Q41*O41 -> 9.7497 | S41: =+Q41*P41 -> 9.7497 | V41: =IF(U33>100,"EXTRAPESADO",IF(U33<=100,IF(U33>=60,"PESADO",IF(U33<60,IF(U33>=30,"MEDIANO","LIVIANO"))))) -> EXTRAPESADO | AJ41: =IF(A41=0,"NORMA", +VLOOKUP(A41,[3]!AREA2014A,15)) -> A36 | AL41: =AL40 -> TCL4 | AM41: ;
A42: 693 | B42: =B33 -> 1 | D42: pl11 | E42: ENDPLATE_1 | F42: =IF(A42=0,"SERIE",+VLOOKUP(A42,[3]!AREA2014A,3)) -> PLE 20mm | G42: PL20X250 | H42: =IF(A42=0,"PESOU",+VLOOKUP(A42,[3]!AREA2014A,4))*$B$2 -> 157 | I42: =IF(A42=0,"CODIGO", +VLOOKUP(A42,[3]!AREA2014A,13)) -> 12.54.52.470.03 | J42: 310 | K42: 250 | L42: 0.177 | M42: 0.18 | O42: 1 | P42: =O42*$P$33 -> 1 | Q42: =IF(K42="",+H42/1000*J42,+H42/1000*J42/1000*K42) -> 12.1675 | R42: =+Q42*O42 -> 12.1675 | S42: =+Q42*P42 -> 12.1675 | V42: =IF(U33>100,"EXTRAPESADO",IF(U33<=100,IF(U33>=60,"PESADO",IF(U33<60,IF(U33>=30,"MEDIANO","LIVIANO"))))) -> EXTRAPESADO | AJ42: =IF(A42=0,"NORMA", +VLOOKUP(A42,[3]!AREA2014A,15)) -> A36 | AL42: =AL41 -> TCL4 | AM42: ;
A43: 687 | B43: =B33 -> 1 | D43: pl12 | E43: PLACA | F43: =IF(A43=0,"SERIE",+VLOOKUP(A43,[3]!AREA2014A,3)) -> PLE 12mm | G43: PL12X260 | H43: =IF(A43=0,"PESOU",+VLOOKUP(A43,[3]!AREA2014A,4))*$B$2 -> 94.2 | I43: =IF(A43=0,"CODIGO", +VLOOKUP(A43,[3]!AREA2014A,13)) -> 12.54.52.390.00 | J43: 345 | K43: 260 | L43: 0.19 | M43: 0.19 | O43: 1 | P43: =O43*$P$33 -> 1 | Q43: =IF(K43="",+H43/1000*J43,+H43/1000*J43/1000*K43) -> 8.44974 | R43: =+Q43*O43 -> 8.44974 | S43: =+Q43*P43 -> 8.44974 | V43: =IF(U33>100,"EXTRAPESADO",IF(U33<=100,IF(U33>=60,"PESADO",IF(U33<60,IF(U33>=30,"MEDIANO","LIVIANO"))))) -> EXTRAPESADO | AJ43: =IF(A43=0,"NORMA", +VLOOKUP(A43,[3]!AREA2014A,15)) -> A36 | AL43: =AL42 -> TCL4 | AM43: ;
B44: 1 | C44: 7 | D44: TRI1 | E44: RIOSTRA | F44: =F45 -> UPN 100 | G44: =G45 -> UPN100 | J44: =MAX(J45:J48) -> 1883 | N44: 0.8 | O44: 2 | P44: =O44*TOTALES!$A$1 -> 2 | Q44: =+R44 -> 42.0442 | R44: =SUM(R45:R48) -> 42.0442 | T44: =+R44*P44 -> 84.0884 | U44: =R44/(J44/1000) -> 22.328306 | V44: =IF(U44>100,"EXTRAPESADO",IF(U44<=100,IF(U44>=60,"PESADO",IF(U44<60,IF(U44>=30,"MEDIANO","LIVIANO"))))) -> LIVIANO | AJ44: =AJ45 -> A36 | AL44: =D44 -> TRI1 | AM44: ;
A45: 34 | B45: =B44 -> 1 | D45: TRI1 | E45: RIOSTRA | F45: =IF(A45=0,"SERIE",+VLOOKUP(A45,[3]!AREA2014A,3)) -> UPN 100 | G45: UPN100 | H45: =IF(A45=0,"PESOU",+VLOOKUP(A45,[3]!AREA2014A,4))*$B$2 -> 10.6 | I45: =IF(A45=0,"CODIGO", +VLOOKUP(A45,[3]!AREA2014A,13)) -> 12.49.80.060.00 | J45: 1882 | L45: 0.705 | M45: 0.71 | O45: 1 | P45: =O45*$P$44 -> 2 | Q45: =IF(K45="",+H45/1000*J45,+H45/1000*J45/1000*K45) -> 19.9492 | R45: =+Q45*O45 -> 19.9492 | S45: =+Q45*P45 -> 39.8984 | V45: =IF(U44>100,"EXTRAPESADO",IF(U44<=100,IF(U44>=60,"PESADO",IF(U44<60,IF(U44>=30,"MEDIANO","LIVIANO"))))) -> LIVIANO | AJ45: =IF(A45=0,"NORMA", +VLOOKUP(A45,[3]!AREA2014A,15)) -> A36 | AL45: =AL44 -> TRI1 | AM45: ;
A46: 34 | B46: =B44 -> 1 | D46: TRI1 | E46: RIOSTRA | F46: =IF(A46=0,"SERIE",+VLOOKUP(A46,[3]!AREA2014A,3)) -> UPN 100 | G46: UPN100 | H46: =IF(A46=0,"PESOU",+VLOOKUP(A46,[3]!AREA2014A,4))*$B$2 -> 10.6 | I46: =IF(A46=0,"CODIGO", +VLOOKUP(A46,[3]!AREA2014A,13)) -> 12.49.80.060.00 | J46: 1883 | L46: 0.706 | M46: 0.71 | O46: 1 | P46: =O46*$P$44 -> 2 | Q46: =IF(K46="",+H46/1000*J46,+H46/1000*J46/1000*K46) -> 19.9598 | R46: =+Q46*O46 -> 19.9598 | S46: =+Q46*P46 -> 39.9196 | V46: =IF(U44>100,"EXTRAPESADO",IF(U44<=100,IF(U44>=60,"PESADO",IF(U44<60,IF(U44>=30,"MEDIANO","LIVIANO"))))) -> LIVIANO | AJ46: =IF(A46=0,"NORMA", +VLOOKUP(A46,[3]!AREA2014A,15)) -> A36 | AL46: =AL45 -> TRI1 | AM46: ;
A47: 686 | B47: =B44 -> 1 | D47: pl1 | E47: PLACA | F47: =IF(A47=0,"SERIE",+VLOOKUP(A47,[3]!AREA2014A,3)) -> PLE 10mm | G47: PL10X100 | H47: =IF(A47=0,"PESOU",+VLOOKUP(A47,[3]!AREA2014A,4))*$B$2 -> 78.5 | I47: =IF(A47=0,"CODIGO", +VLOOKUP(A47,[3]!AREA2014A,13)) -> 12.54.52.370.07 | J47: 172 | K47: 100 | L47: 0.04 | M47: 0.08 | O47: 1 | P47: =O47*$P$44 -> 2 | Q47: =IF(K47="",+H47/1000*J47,+H47/1000*J47/1000*K47) -> 1.3502 | R47: =+Q47*O47 -> 1.3502 | S47: =+Q47*P47 -> 2.7004 | V47: =IF(U44>100,"EXTRAPESADO",IF(U44<=100,IF(U44>=60,"PESADO",IF(U44<60,IF(U44>=30,"MEDIANO","LIVIANO"))))) -> LIVIANO | AJ47: =IF(A47=0,"NORMA", +VLOOKUP(A47,[3]!AREA2014A,15)) -> A36 | AL47: =AL46 -> TRI1 | AM47: ;
A48: 686 | B48: =B44 -> 1 | D48: pl22 | E48: ENDPLATE | F48: =IF(A48=0,"SERIE",+VLOOKUP(A48,[3]!AREA2014A,3)) -> PLE 10mm | G48: PL10X100 | H48: =IF(A48=0,"PESOU",+VLOOKUP(A48,[3]!AREA2014A,4))*$B$2 -> 78.5 | I48: =IF(A48=0,"CODIGO", +VLOOKUP(A48,[3]!AREA2014A,13)) -> 12.54.52.370.07 | J48: 100 | K48: 100 | L48: 0.024 | M48: 0.05 | O48: 1 | P48: =O48*$P$44 -> 2 | Q48: =IF(K48="",+H48/1000*J48,+H48/1000*J48/1000*K48) -> 0.785 | R48: =+Q48*O48 -> 0.785 | S48: =+Q48*P48 -> 1.57 | V48: =IF(U44>100,"EXTRAPESADO",IF(U44<=100,IF(U44>=60,"PESADO",IF(U44<60,IF(U44>=30,"MEDIANO","LIVIANO"))))) -> LIVIANO | AJ48: =IF(A48=0,"NORMA", +VLOOKUP(A48,[3]!AREA2014A,15)) -> A36 | AL48: =AL47 -> TRI1 | AM48: ;
B49: 1 | C49: 8 | D49: TRI2 | E49: RIOSTRA | F49: =F50 -> UPN 100 | G49: =G50 -> UPN100 | J49: =MAX(J50:J51) -> 1488 | N49: 0.6 | O49: 3 | P49: =O49*TOTALES!$A$1 -> 3 | Q49: =+R49 -> 17.1073 | R49: =SUM(R50:R51) -> 17.1073 | T49: =+R49*P49 -> 51.3219 | U49: =R49/(J49/1000) -> 11.496841 | V49: =IF(U49>100,"EXTRAPESADO",IF(U49<=100,IF(U49>=60,"PESADO",IF(U49<60,IF(U49>=30,"MEDIANO","LIVIANO"))))) -> LIVIANO | AJ49: =AJ50 -> A36 | AL49: =D49 -> TRI2 | AM49: ;
A50: 34 | B50: =B49 -> 1 | D50: TRI2 | E50: RIOSTRA | F50: =IF(A50=0,"SERIE",+VLOOKUP(A50,[3]!AREA2014A,3)) -> UPN 100 | G50: UPN100 | H50: =IF(A50=0,"PESOU",+VLOOKUP(A50,[3]!AREA2014A,4))*$B$2 -> 10.6 | I50: =IF(A50=0,"CODIGO", +VLOOKUP(A50,[3]!AREA2014A,13)) -> 12.49.80.060.00 | J50: 1488 | L50: 0.58 | M50: 1.74 | O50: 1 | P50: =O50*$P$49 -> 3 | Q50: =IF(K50="",+H50/1000*J50,+H50/1000*J50/1000*K50) -> 15.7728 | R50: =+Q50*O50 -> 15.7728 | S50: =+Q50*P50 -> 47.3184 | V50: =IF(U49>100,"EXTRAPESADO",IF(U49<=100,IF(U49>=60,"PESADO",IF(U49<60,IF(U49>=30,"MEDIANO","LIVIANO"))))) -> LIVIANO | AJ50: =IF(A50=0,"NORMA", +VLOOKUP(A50,[3]!AREA2014A,15)) -> A36 | AL50: =AL49 -> TRI2 | AM50: ;
A51: 686 | B51: =B49 -> 1 | D51: pl26 | E51: ENDPLATE | F51: =IF(A51=0,"SERIE",+VLOOKUP(A51,[3]!AREA2014A,3)) -> PLE 10mm | G51: PL10X100 | H51: =IF(A51=0,"PESOU",+VLOOKUP(A51,[3]!AREA2014A,4))*$B$2 -> 78.5 | I51: =IF(A51=0,"CODIGO", +VLOOKUP(A51,[3]!AREA2014A,13)) -> 12.54.52.370.07 | J51: 170 | K51: 100 | L51: 0.039 | M51: 0.12 | O51: 1 | P51: =O51*$P$49 -> 3 | Q51: =IF(K51="",+H51/1000*J51,+H51/1000*J51/1000*K51) -> 1.3345 | R51: =+Q51*O51 -> 1.3345 | S51: =+Q51*P51 -> 4.0035 | V51: =IF(U49>100,"EXTRAPESADO",IF(U49<=100,IF(U49>=60,"PESADO",IF(U49<60,IF(U49>=30,"MEDIANO","LIVIANO"))))) -> LIVIANO | AJ51: =IF(A51=0,"NORMA", +VLOOKUP(A51,[3]!AREA2014A,15)) -> A36 | AL51: =AL50 -> TRI2 | AM51: ;
B52: 1 | C52: 9 | D52: TRI3 | E52: RIOSTRA | F52: =F53 -> UPN 100 | G52: =G53 -> UPN100 | J52: =MAX(J53) -> 1073 | N52: 0.4 | O52: 6 | P52: =O52*TOTALES!$A$1 -> 6 | Q52: =+R52 -> 11.3738 | R52: =SUM(R53) -> 11.3738 | T52: =+R52*P52 -> 68.2428 | U52: =R52/(J52/1000) -> 10.6 | V52: =IF(U52>100,"EXTRAPESADO",IF(U52<=100,IF(U52>=60,"PESADO",IF(U52<60,IF(U52>=30,"MEDIANO","LIVIANO"))))) -> LIVIANO | AJ52: =AJ53 -> A36 | AL52: =D52 -> TRI3 | AM52: ;
A53: 34 | B53: =B52 -> 1 | D53: TRI3 | E53: RIOSTRA | F53: =IF(A53=0,"SERIE",+VLOOKUP(A53,[3]!AREA2014A,3)) -> UPN 100 | G53: UPN100 | H53: =IF(A53=0,"PESOU",+VLOOKUP(A53,[3]!AREA2014A,4))*$B$2 -> 10.6 | I53: =IF(A53=0,"CODIGO", +VLOOKUP(A53,[3]!AREA2014A,13)) -> 12.49.80.060.00 | J53: 1073 | L53: 0.419 | M53: 2.51 | O53: 1 | P53: =O53*$P$52 -> 6 | Q53: =IF(K53="",+H53/1000*J53,+H53/1000*J53/1000*K53) -> 11.3738 | R53: =+Q53*O53 -> 11.3738 | S53: =+Q53*P53 -> 68.2428 | V53: =IF(U52>100,"EXTRAPESADO",IF(U52<=100,IF(U52>=60,"PESADO",IF(U52<60,IF(U52>=30,"MEDIANO","LIVIANO"))))) -> LIVIANO | AJ53: =IF(A53=0,"NORMA", +VLOOKUP(A53,[3]!AREA2014A,15)) -> A36 | AL53: =AL52 -> TRI3 | AM53: ;
B54: 1 | C54: 10 | D54: TRI4 | E54: RIOSTRA | F54: =F55 -> UPN 100 | G54: =G55 -> UPN100 | J54: =MAX(J55:J58) -> 2233 | N54: 0.9 | O54: 2 | P54: =O54*TOTALES!$A$1 -> 2 | Q54: =+R54 -> 49.7625 | R54: =SUM(R55:R58) -> 49.7625 | T54: =+R54*P54 -> 99.525 | U54: =R54/(J54/1000) -> 22.285043 | V54: =IF(U54>100,"EXTRAPESADO",IF(U54<=100,IF(U54>=60,"PESADO",IF(U54<60,IF(U54>=30,"MEDIANO","LIVIANO"))))) -> LIVIANO | AJ54: =AJ55 -> A36 | AL54: =D54 -> TRI4 | AM54: ;
A55: 34 | B55: =B54 -> 1 | D55: TRI4 | E55: RIOSTRA | F55: =IF(A55=0,"SERIE",+VLOOKUP(A55,[3]!AREA2014A,3)) -> UPN 100 | G55: UPN100 | H55: =IF(A55=0,"PESOU",+VLOOKUP(A55,[3]!AREA2014A,4))*$B$2 -> 10.6 | I55: =IF(A55=0,"CODIGO", +VLOOKUP(A55,[3]!AREA2014A,13)) -> 12.49.80.060.00 | J55: 2233 | L55: 0.853 | M55: 0.85 | O55: 1 | P55: =O55*$P$54 -> 2 | Q55: =IF(K55="",+H55/1000*J55,+H55/1000*J55/1000*K55) -> 23.6698 | R55: =+Q55*O55 -> 23.6698 | S55: =+Q55*P55 -> 47.3396 | V55: =IF(U54>100,"EXTRAPESADO",IF(U54<=100,IF(U54>=60,"PESADO",IF(U54<60,IF(U54>=30,"MEDIANO","LIVIANO"))))) -> LIVIANO | AJ55: =IF(A55=0,"NORMA", +VLOOKUP(A55,[3]!AREA2014A,15)) -> A36 | AL55: =AL54 -> TRI4 | AM55: ;
A56: 34 | B56: =B54 -> 1 | D56: TRI4 | E56: RIOSTRA | F56: =IF(A56=0,"SERIE",+VLOOKUP(A56,[3]!AREA2014A,3)) -> UPN 100 | G56: UPN100 | H56: =IF(A56=0,"PESOU",+VLOOKUP(A56,[3]!AREA2014A,4))*$B$2 -> 10.6 | I56: =IF(A56=0,"CODIGO", +VLOOKUP(A56,[3]!AREA2014A,13)) -> 12.49.80.060.00 | J56: 2232 | L56: 0.853 | M56: 0.85 | O56: 1 | P56: =O56*$P$54 -> 2 | Q56: =IF(K56="",+H56/1000*J56,+H56/1000*J56/1000*K56) -> 23.6592 | R56: =+Q56*O56 -> 23.6592 | S56: =+Q56*P56 -> 47.3184 | V56: =IF(U54>100,"EXTRAPESADO",IF(U54<=100,IF(U54>=60,"PESADO",IF(U54<60,IF(U54>=30,"MEDIANO","LIVIANO"))))) -> LIVIANO | AJ56: =IF(A56=0,"NORMA", +VLOOKUP(A56,[3]!AREA2014A,15)) -> A36 | AL56: =AL55 -> TRI4 | AM56: ;
A57: 686 | B57: =B54 -> 1 | D57: pl23 | E57: PLACA | F57: =IF(A57=0,"SERIE",+VLOOKUP(A57,[3]!AREA2014A,3)) -> PLE 10mm | G57: PL10X100 | H57: =IF(A57=0,"PESOU",+VLOOKUP(A57,[3]!AREA2014A,4))*$B$2 -> 78.5 | I57: =IF(A57=0,"CODIGO", +VLOOKUP(A57,[3]!AREA2014A,13)) -> 12.54.52.370.07 | J57: 170 | K57: 100 | L57: 0.039 | M57: 0.08 | O57: 1 | P57: =O57*$P$54 -> 2 | Q57: =IF(K57="",+H57/1000*J57,+H57/1000*J57/1000*K57) -> 1.3345 | R57: =+Q57*O57 -> 1.3345 | S57: =+Q57*P57 -> 2.669 | V57: =IF(U54>100,"EXTRAPESADO",IF(U54<=100,IF(U54>=60,"PESADO",IF(U54<60,IF(U54>=30,"MEDIANO","LIVIANO"))))) -> LIVIANO | AJ57: =IF(A57=0,"NORMA", +VLOOKUP(A57,[3]!AREA2014A,15)) -> A36 | AL57: =AL56 -> TRI4 | AM57: ;
A58: 686 | B58: =B54 -> 1 | D58: pl24 | E58: ENDPLATE | F58: =IF(A58=0,"SERIE",+VLOOKUP(A58,[3]!AREA2014A,3)) -> PLE 10mm | G58: PL10X100 | H58: =IF(A58=0,"PESOU",+VLOOKUP(A58,[3]!AREA2014A,4))*$B$2 -> 78.5 | I58: =IF(A58=0,"CODIGO", +VLOOKUP(A58,[3]!AREA2014A,13)) -> 12.54.52.370.07 | J58: 140 | K58: 100 | L58: 0.033 | M58: 0.07 | O58: 1 | P58: =O58*$P$54 -> 2 | Q58: =IF(K58="",+H58/1000*J58,+H58/1000*J58/1000*K58) -> 1.099 | R58: =+Q58*O58 -> 1.099 | S58: =+Q58*P58 -> 2.198 | V58: =IF(U54>100,"EXTRAPESADO",IF(U54<=100,IF(U54>=60,"PESADO",IF(U54<60,IF(U54>=30,"MEDIANO","LIVIANO"))))) -> LIVIANO | AJ58: =IF(A58=0,"NORMA", +VLOOKUP(A58,[3]!AREA2014A,15)) -> A36 | AL58: =AL57 -> TRI4 | AM58: ;
B59: 1 | C59: 11 | D59: TRI5 | E59: RIOSTRA | F59: =F60 -> UPN 100 | G59: =G60 -> UPN100 | J59: =MAX(J60:J61) -> 1488 | N59: 0.6 | O59: 1 | P59: =O59*TOTALES!$A$1 -> 1 | Q59: =+R59 -> 16.8718 | R59: =SUM(R60:R61) -> 16.8718 | T59: =+R59*P59 -> 16.8718 | U59: =R59/(J59/1000) -> 11.338575 | V59: =IF(U59>100,"EXTRAPESADO",IF(U59<=100,IF(U59>=60,"PESADO",IF(U59<60,IF(U59>=30,"MEDIANO","LIVIANO"))))) -> LIVIANO | AJ59: =AJ60 -> A36 | AL59: =D59 -> TRI5 | AM59: ;
A60: 34 | B60: =B59 -> 1 | D60: TRI5 | E60: RIOSTRA | F60: =IF(A60=0,"SERIE",+VLOOKUP(A60,[3]!AREA2014A,3)) -> UPN 100 | G60: UPN100 | H60: =IF(A60=0,"PESOU",+VLOOKUP(A60,[3]!AREA2014A,4))*$B$2 -> 10.6 | I60: =IF(A60=0,"CODIGO", +VLOOKUP(A60,[3]!AREA2014A,13)) -> 12.49.80.060.00 | J60: 1488 | L60: 0.58 | M60: 0.58 | O60: 1 | P60: =O60*$P$59 -> 1 | Q60: =IF(K60="",+H60/1000*J60,+H60/1000*J60/1000*K60) -> 15.7728 | R60: =+Q60*O60 -> 15.7728 | S60: =+Q60*P60 -> 15.7728 | V60: =IF(U59>100,"EXTRAPESADO",IF(U59<=100,IF(U59>=60,"PESADO",IF(U59<60,IF(U59>=30,"MEDIANO","LIVIANO"))))) -> LIVIANO | AJ60: =IF(A60=0,"NORMA", +VLOOKUP(A60,[3]!AREA2014A,15)) -> A36 | AL60: =AL59 -> TRI5 | AM60: ;
A61: 686 | B61: =B59 -> 1 | D61: pl27 | E61: ENDPLATE | F61: =IF(A61=0,"SERIE",+VLOOKUP(A61,[3]!AREA2014A,3)) -> PLE 10mm | G61: PL10X100 | H61: =IF(A61=0,"PESOU",+VLOOKUP(A61,[3]!AREA2014A,4))*$B$2 -> 78.5 | I61: =IF(A61=0,"CODIGO", +VLOOKUP(A61,[3]!AREA2014A,13)) -> 12.54.52.370.07 | J61: 140 | K61: 100 | L61: 0.033 | M61: 0.03 | O61: 1 | P61: =O61*$P$59 -> 1 | Q61: =IF(K61="",+H61/1000*J61,+H61/1000*J61/1000*K61) -> 1.099 | R61: =+Q61*O61 -> 1.099 | S61: =+Q61*P61 -> 1.099 | V61: =IF(U59>100,"EXTRAPESADO",IF(U59<=100,IF(U59>=60,"PESADO",IF(U59<60,IF(U59>=30,"MEDIANO","LIVIANO"))))) -> LIVIANO | AJ61: =IF(A61=0,"NORMA", +VLOOKUP(A61,[3]!AREA2014A,15)) -> A36 | AL61: =AL60 -> TRI5 | AM61: ;
B62: 1 | C62: 12 | D62: TRI6 | E62: RIOSTRA | F62: =F63 -> UPN 100 | G62: =G63 -> UPN100 | J62: =MAX(J63:J65) -> 2271 | N62: 0.9 | O62: 1 | P62: =O62*TOTALES!$A$1 -> 1 | Q62: =+R62 -> 26.5218 | R62: =SUM(R63:R65) -> 26.5218 | T62: =+R62*P62 -> 26.5218 | U62: =R62/(J62/1000) -> 11.678468 | V62: =IF(U62>100,"EXTRAPESADO",IF(U62<=100,IF(U62>=60,"PESADO",IF(U62<60,IF(U62>=30,"MEDIANO","LIVIANO"))))) -> LIVIANO | AJ62: =AJ63 -> A36 | AL62: =D62 -> TRI6 | AM62: ;
A63: 34 | B63: =B62 -> 1 | D63: TRI6 | E63: RIOSTRA | F63: =IF(A63=0,"SERIE",+VLOOKUP(A63,[3]!AREA2014A,3)) -> UPN 100 | G63: UPN100 | H63: =IF(A63=0,"PESOU",+VLOOKUP(A63,[3]!AREA2014A,4))*$B$2 -> 10.6 | I63: =IF(A63=0,"CODIGO", +VLOOKUP(A63,[3]!AREA2014A,13)) -> 12.49.80.060.00 | J63: 2271 | L63: 0.869 | M63: 0.87 | O63: 1 | P63: =O63*$P$62 -> 1 | Q63: =IF(K63="",+H63/1000*J63,+H63/1000*J63/1000*K63) -> 24.0726 | R63: =+Q63*O63 -> 24.0726 | S63: =+Q63*P63 -> 24.0726 | V63: =IF(U62>100,"EXTRAPESADO",IF(U62<=100,IF(U62>=60,"PESADO",IF(U62<60,IF(U62>=30,"MEDIANO","LIVIANO"))))) -> LIVIANO | AJ63: =IF(A63=0,"NORMA", +VLOOKUP(A63,[3]!AREA2014A,15)) -> A36 | AL63: =AL62 -> TRI6 | AM63: ;
A64: 686 | B64: =B62 -> 1 | D64: pl27 | E64: ENDPLATE | F64: =IF(A64=0,"SERIE",+VLOOKUP(A64,[3]!AREA2014A,3)) -> PLE 10mm | G64: PL10X100 | H64: =IF(A64=0,"PESOU",+VLOOKUP(A64,[3]!AREA2014A,4))*$B$2 -> 78.5 | I64: =IF(A64=0,"CODIGO", +VLOOKUP(A64,[3]!AREA2014A,13)) -> 12.54.52.370.07 | J64: 140 | K64: 100 | L64: 0.033 | M64: 0.03 | O64: 1 | P64: =O64*$P$62 -> 1 | Q64: =IF(K64="",+H64/1000*J64,+H64/1000*J64/1000*K64) -> 1.099 | R64: =+Q64*O64 -> 1.099 | S64: =+Q64*P64 -> 1.099 | V64: =IF(U62>100,"EXTRAPESADO",IF(U62<=100,IF(U62>=60,"PESADO",IF(U62<60,IF(U62>=30,"MEDIANO","LIVIANO"))))) -> LIVIANO | AJ64: =IF(A64=0,"NORMA", +VLOOKUP(A64,[3]!AREA2014A,15)) -> A36 | AL64: =AL63 -> TRI6 | AM64: ;
A65: 686 | B65: =B62 -> 1 | D65: pl29 | E65: PLACA | F65: =IF(A65=0,"SERIE",+VLOOKUP(A65,[3]!AREA2014A,3)) -> PLE 10mm | G65: PL10X100 | H65: =IF(A65=0,"PESOU",+VLOOKUP(A65,[3]!AREA2014A,4))*$B$2 -> 78.5 | I65: =IF(A65=0,"CODIGO", +VLOOKUP(A65,[3]!AREA2014A,13)) -> 12.54.52.370.07 | J65: 172 | K65: 100 | L65: 0.04 | M65: 0.04 | O65: 1 | P65: =O65*$P$62 -> 1 | Q65: =IF(K65="",+H65/1000*J65,+H65/1000*J65/1000*K65) -> 1.3502 | R65: =+Q65*O65 -> 1.3502 | S65: =+Q65*P65 -> 1.3502 | V65: =IF(U62>100,"EXTRAPESADO",IF(U62<=100,IF(U62>=60,"PESADO",IF(U62<60,IF(U62>=30,"MEDIANO","LIVIANO"))))) -> LIVIANO | AJ65: =IF(A65=0,"NORMA", +VLOOKUP(A65,[3]!AREA2014A,15)) -> A36 | AL65: =AL64 -> TRI6 | AM65: ;
B66: 1 | C66: 13 | D66: TRI7 | E66: RIOSTRA | F66: =F67 -> UPN 100 | G66: =G67 -> UPN100 | J66: =MAX(J67:J69) -> 1957 | N66: 0.8 | O66: 2 | P66: =O66*TOTALES!$A$1 -> 2 | Q66: =+R66 -> 22.8794 | R66: =SUM(R67:R69) -> 22.8794 | T66: =+R66*P66 -> 45.7588 | U66: =R66/(J66/1000) -> 11.691058 | V66: =IF(U66>100,"EXTRAPESADO",IF(U66<=100,IF(U66>=60,"PESADO",IF(U66<60,IF(U66>=30,"MEDIANO","LIVIANO"))))) -> LIVIANO | AJ66: =AJ67 -> A36 | AL66: =D66 -> TRI7 | AM66: ;
A67: 34 | B67: =B66 -> 1 | D67: TRI7 | E67: RIOSTRA | F67: =IF(A67=0,"SERIE",+VLOOKUP(A67,[3]!AREA2014A,3)) -> UPN 100 | G67: UPN100 | H67: =IF(A67=0,"PESOU",+VLOOKUP(A67,[3]!AREA2014A,4))*$B$2 -> 10.6 | I67: =IF(A67=0,"CODIGO", +VLOOKUP(A67,[3]!AREA2014A,13)) -> 12.49.80.060.00 | J67: 1957 | L67: 0.734 | M67: 1.47 | O67: 1 | P67: =O67*$P$66 -> 2 | Q67: =IF(K67="",+H67/1000*J67,+H67/1000*J67/1000*K67) -> 20.7442 | R67: =+Q67*O67 -> 20.7442 | S67: =+Q67*P67 -> 41.4884 | V67: =IF(U66>100,"EXTRAPESADO",IF(U66<=100,IF(U66>=60,"PESADO",IF(U66<60,IF(U66>=30,"MEDIANO","LIVIANO"))))) -> LIVIANO | AJ67: =IF(A67=0,"NORMA", +VLOOKUP(A67,[3]!AREA2014A,15)) -> A36 | AL67: =AL66 -> TRI7 | AM67: ;
A68: 686 | B68: =B66 -> 1 | D68: pl1 | E68: PLACA | F68: =IF(A68=0,"SERIE",+VLOOKUP(A68,[3]!AREA2014A,3)) -> PLE 10mm | G68: PL10X100 | H68: =IF(A68=0,"PESOU",+VLOOKUP(A68,[3]!AREA2014A,4))*$B$2 -> 78.5 | I68: =IF(A68=0,"CODIGO", +VLOOKUP(A68,[3]!AREA2014A,13)) -> 12.54.52.370.07 | J68: 172 | K68: 100 | L68: 0.04 | M68: 0.08 | O68: 1 | P68: =O68*$P$66 -> 2 | Q68: =IF(K68="",+H68/1000*J68,+H68/1000*J68/1000*K68) -> 1.3502 | R68: =+Q68*O68 -> 1.3502 | S68: =+Q68*P68 -> 2.7004 | V68: =IF(U66>100,"EXTRAPESADO",IF(U66<=100,IF(U66>=60,"PESADO",IF(U66<60,IF(U66>=30,"MEDIANO","LIVIANO"))))) -> LIVIANO | AJ68: =IF(A68=0,"NORMA", +VLOOKUP(A68,[3]!AREA2014A,15)) -> A36 | AL68: =AL67 -> TRI7 | AM68: ;
A69: 686 | B69: =B66 -> 1 | D69: pl22 | E69: ENDPLATE | F69: =IF(A69=0,"SERIE",+VLOOKUP(A69,[3]!AREA2014A,3)) -> PLE 10mm | G69: PL10X100 | H69: =IF(A69=0,"PESOU",+VLOOKUP(A69,[3]!AREA2014A,4))*$B$2 -> 78.5 | I69: =IF(A69=0,"CODIGO", +VLOOKUP(A69,[3]!AREA2014A,13)) -> 12.54.52.370.07 | J69: 100 | K69: 100 | L69: 0.024 | M69: 0.05 | O69: 1 | P69: =O69*$P$66 -> 2 | Q69: =IF(K69="",+H69/1000*J69,+H69/1000*J69/1000*K69) -> 0.785 | R69: =+Q69*O69 -> 0.785 | S69: =+Q69*P69 -> 1.57 | V69: =IF(U66>100,"EXTRAPESADO",IF(U66<=100,IF(U66>=60,"PESADO",IF(U66<60,IF(U66>=30,"MEDIANO","LIVIANO"))))) -> LIVIANO | AJ69: =IF(A69=0,"NORMA", +VLOOKUP(A69,[3]!AREA2014A,15)) -> A36 | AL69: =AL68 -> TRI7 | AM69: ;
B70: 1 | C70: 14 | D70: TRI8 | E70: RIOSTRA | F70: =F71 -> UPN 100 | G70: =G71 -> UPN100 | J70: =MAX(J71:J73) -> 2270 | N70: 0.9 | O70: 1 | P70: =O70*TOTALES!$A$1 -> 1 | Q70: =+R70 -> 26.4955 | R70: =SUM(R71:R73) -> 26.4955 | T70: =+R70*P70 -> 26.4955 | U70: =R70/(J70/1000) -> 11.672026 | V70: =IF(U70>100,"EXTRAPESADO",IF(U70<=100,IF(U70>=60,"PESADO",IF(U70<60,IF(U70>=30,"MEDIANO","LIVIANO"))))) -> LIVIANO | AJ70: =AJ71 -> A36 | AL70: =D70 -> TRI8 | AM70: ;
A71: 34 | B71: =B70 -> 1 | D71: TRI8 | E71: RIOSTRA | F71: =IF(A71=0,"SERIE",+VLOOKUP(A71,[3]!AREA2014A,3)) -> UPN 100 | G71: UPN100 | H71: =IF(A71=0,"PESOU",+VLOOKUP(A71,[3]!AREA2014A,4))*$B$2 -> 10.6 | I71: =IF(A71=0,"CODIGO", +VLOOKUP(A71,[3]!AREA2014A,13)) -> 12.49.80.060.00 | J71: 2270 | L71: 0.868 | M71: 0.87 | O71: 1 | P71: =O71*$P$70 -> 1 | Q71: =IF(K71="",+H71/1000*J71,+H71/1000*J71/1000*K71) -> 24.062 | R71: =+Q71*O71 -> 24.062 | S71: =+Q71*P71 -> 24.062 | V71: =IF(U70>100,"EXTRAPESADO",IF(U70<=100,IF(U70>=60,"PESADO",IF(U70<60,IF(U70>=30,"MEDIANO","LIVIANO"))))) -> LIVIANO | AJ71: =IF(A71=0,"NORMA", +VLOOKUP(A71,[3]!AREA2014A,15)) -> A36 | AL71: =AL70 -> TRI8 | AM71: ;
A72: 686 | B72: =B70 -> 1 | D72: pl23 | E72: PLACA | F72: =IF(A72=0,"SERIE",+VLOOKUP(A72,[3]!AREA2014A,3)) -> PLE 10mm | G72: PL10X100 | H72: =IF(A72=0,"PESOU",+VLOOKUP(A72,[3]!AREA2014A,4))*$B$2 -> 78.5 | I72: =IF(A72=0,"CODIGO", +VLOOKUP(A72,[3]!AREA2014A,13)) -> 12.54.52.370.07 | J72: 170 | K72: 100 | L72: 0.039 | M72: 0.04 | O72: 1 | P72: =O72*$P$70 -> 1 | Q72: =IF(K72="",+H72/1000*J72,+H72/1000*J72/1000*K72) -> 1.3345 | R72: =+Q72*O72 -> 1.3345 | S72: =+Q72*P72 -> 1.3345 | V72: =IF(U70>100,"EXTRAPESADO",IF(U70<=100,IF(U70>=60,"PESADO",IF(U70<60,IF(U70>=30,"MEDIANO","LIVIANO"))))) -> LIVIANO | AJ72: =IF(A72=0,"NORMA", +VLOOKUP(A72,[3]!AREA2014A,15)) -> A36 | AL72: =AL71 -> TRI8 | AM72: ;
A73: 686 | B73: =B70 -> 1 | D73: pl27 | E73: ENDPLATE | F73: =IF(A73=0,"SERIE",+VLOOKUP(A73,[3]!AREA2014A,3)) -> PLE 10mm | G73: PL10X100 | H73: =IF(A73=0,"PESOU",+VLOOKUP(A73,[3]!AREA2014A,4))*$B$2 -> 78.5 | I73: =IF(A73=0,"CODIGO", +VLOOKUP(A73,[3]!AREA2014A,13)) -> 12.54.52.370.07 | J73: 140 | K73: 100 | L73: 0.033 | M73: 0.03 | O73: 1 | P73: =O73*$P$70 -> 1 | Q73: =IF(K73="",+H73/1000*J73,+H73/1000*J73/1000*K73) -> 1.099 | R73: =+Q73*O73 -> 1.099 | S73: =+Q73*P73 -> 1.099 | V73: =IF(U70>100,"EXTRAPESADO",IF(U70<=100,IF(U70>=60,"PESADO",IF(U70<60,IF(U70>=30,"MEDIANO","LIVIANO"))))) -> LIVIANO | AJ73: =IF(A73=0,"NORMA", +VLOOKUP(A73,[3]!AREA2014A,15)) -> A36 | AL73: =AL72 -> TRI8 | AM73: ;
B74: 1 | C74: 15 | D74: TRI9 | E74: RIOSTRA | F74: =F75 -> UPN 100 | G74: =G75 -> UPN100 | J74: =MAX(J75:J76) -> 1488 | N74: 0.6 | O74: 1 | P74: =O74*TOTALES!$A$1 -> 1 | Q74: =+R74 -> 16.8718 | R74: =SUM(R75:R76) -> 16.8718 | T74: =+R74*P74 -> 16.8718 | U74: =R74/(J74/1000) -> 11.338575 | V74: =IF(U74>100,"EXTRAPESADO",IF(U74<=100,IF(U74>=60,"PESADO",IF(U74<60,IF(U74>=30,"MEDIANO","LIVIANO"))))) -> LIVIANO | AJ74: =AJ75 -> A36 | AL74: =D74 -> TRI9 | AM74: ;
A75: 34 | B75: =B74 -> 1 | D75: TRI9 | E75: RIOSTRA | F75: =IF(A75=0,"SERIE",+VLOOKUP(A75,[3]!AREA2014A,3)) -> UPN 100 | G75: UPN100 | H75: =IF(A75=0,"PESOU",+VLOOKUP(A75,[3]!AREA2014A,4))*$B$2 -> 10.6 | I75: =IF(A75=0,"CODIGO", +VLOOKUP(A75,[3]!AREA2014A,13)) -> 12.49.80.060.00 | J75: 1488 | L75: 0.58 | M75: 0.58 | O75: 1 | P75: =O75*$P$74 -> 1 | Q75: =IF(K75="",+H75/1000*J75,+H75/1000*J75/1000*K75) -> 15.7728 | R75: =+Q75*O75 -> 15.7728 | S75: =+Q75*P75 -> 15.7728 | V75: =IF(U74>100,"EXTRAPESADO",IF(U74<=100,IF(U74>=60,"PESADO",IF(U74<60,IF(U74>=30,"MEDIANO","LIVIANO"))))) -> LIVIANO | AJ75: =IF(A75=0,"NORMA", +VLOOKUP(A75,[3]!AREA2014A,15)) -> A36 | AL75: =AL74 -> TRI9 | AM75: ;
A76: 686 | B76: =B74 -> 1 | D76: pl3 | E76: PLACA | F76: =IF(A76=0,"SERIE",+VLOOKUP(A76,[3]!AREA2014A,3)) -> PLE 10mm | G76: PL10X100 | H76: =IF(A76=0,"PESOU",+VLOOKUP(A76,[3]!AREA2014A,4))*$B$2 -> 78.5 | I76: =IF(A76=0,"CODIGO", +VLOOKUP(A76,[3]!AREA2014A,13)) -> 12.54.52.370.07 | J76: 140 | K76: 100 | L76: 0.033 | M76: 0.03 | O76: 1 | P76: =O76*$P$74 -> 1 | Q76: =IF(K76="",+H76/1000*J76,+H76/1000*J76/1000*K76) -> 1.099 | R76: =+Q76*O76 -> 1.099 | S76: =+Q76*P76 -> 1.099 | V76: =IF(U74>100,"EXTRAPESADO",IF(U74<=100,IF(U74>=60,"PESADO",IF(U74<60,IF(U74>=30,"MEDIANO","LIVIANO"))))) -> LIVIANO | AJ76: =IF(A76=0,"NORMA", +VLOOKUP(A76,[3]!AREA2014A,15)) -> A36 | AL76: =AL75 -> TRI9 | AM76: ;
B77: 1 | C77: 16 | D77: TRI10 | E77: RIOSTRA | F77: =F78 -> UPN 100 | G77: =G78 -> UPN100 | J77: =MAX(J78:J79) -> 1488 | N77: 0.6 | O77: 1 | P77: =O77*TOTALES!$A$1 -> 1 | Q77: =+R77 -> 17.1073 | R77: =SUM(R78:R79) -> 17.1073 | T77: =+R77*P77 -> 17.1073 | U77: =R77/(J77/1000) -> 11.496841 | V77: =IF(U77>100,"EXTRAPESADO",IF(U77<=100,IF(U77>=60,"PESADO",IF(U77<60,IF(U77>=30,"MEDIANO","LIVIANO"))))) -> LIVIANO | AJ77: =AJ78 -> A36 | AL77: =D77 -> TRI10 | AM77: ;
A78: 34 | B78: =B77 -> 1 | D78: TRI10 | E78: RIOSTRA | F78: =IF(A78=0,"SERIE",+VLOOKUP(A78,[3]!AREA2014A,3)) -> UPN 100 | G78: UPN100 | H78: =IF(A78=0,"PESOU",+VLOOKUP(A78,[3]!AREA2014A,4))*$B$2 -> 10.6 | I78: =IF(A78=0,"CODIGO", +VLOOKUP(A78,[3]!AREA2014A,13)) -> 12.49.80.060.00 | J78: 1488 | L78: 0.58 | M78: 0.58 | O78: 1 | P78: =O78*$P$77 -> 1 | Q78: =IF(K78="",+H78/1000*J78,+H78/1000*J78/1000*K78) -> 15.7728 | R78: =+Q78*O78 -> 15.7728 | S78: =+Q78*P78 -> 15.7728 | V78: =IF(U77>100,"EXTRAPESADO",IF(U77<=100,IF(U77>=60,"PESADO",IF(U77<60,IF(U77>=30,"MEDIANO","LIVIANO"))))) -> LIVIANO | AJ78: =IF(A78=0,"NORMA", +VLOOKUP(A78,[3]!AREA2014A,15)) -> A36 | AL78: =AL77 -> TRI10 | AM78: ;
A79: 686 | B79: =B77 -> 1 | D79: pl1 | E79: PLACA | F79: =IF(A79=0,"SERIE",+VLOOKUP(A79,[3]!AREA2014A,3)) -> PLE 10mm | G79: PL10X100 | H79: =IF(A79=0,"PESOU",+VLOOKUP(A79,[3]!AREA2014A,4))*$B$2 -> 78.5 | I79: =IF(A79=0,"CODIGO", +VLOOKUP(A79,[3]!AREA2014A,13)) -> 12.54.52.370.07 | J79: 170 | K79: 100 | L79: 0.039 | M79: 0.04 | O79: 1 | P79: =O79*$P$77 -> 1 | Q79: =IF(K79="",+H79/1000*J79,+H79/1000*J79/1000*K79) -> 1.3345 | R79: =+Q79*O79 -> 1.3345 | S79: =+Q79*P79 -> 1.3345 | V79: =IF(U77>100,"EXTRAPESADO",IF(U77<=100,IF(U77>=60,"PESADO",IF(U77<60,IF(U77>=30,"MEDIANO","LIVIANO"))))) -> LIVIANO | AJ79: =IF(A79=0,"NORMA", +VLOOKUP(A79,[3]!AREA2014A,15)) -> A36 | AL79: =AL78 -> TRI10 | AM79: ;
B80: 1 | C80: 17 | D80: TVP1 | E80: VIGA - HI300-12-20X250 | F80: =F81 -> PLE 12mm | G80: =G81 -> HI300-12-20X250 | J80: =MAX(J81:J88) -> 2768 | N80: 5.6 | O80: 2 | P80: =O80*TOTALES!$A$1 -> 2 | Q80: =+R80 -> 348.88867 | R80: =SUM(R81:R88) -> 348.88867 | T80: =+R80*P80 -> 697.77733 | U80: =R80/(J80/1000) -> 126.04359 | V80: =IF(U80>100,"EXTRAPESADO",IF(U80<=100,IF(U80>=60,"PESADO",IF(U80<60,IF(U80>=30,"MEDIANO","LIVIANO"))))) -> EXTRAPESADO | AJ80: =AJ81 -> A36 | AL80: =D80 -> TVP1 | AM80: ;
A81: 687 | B81: =B80 -> 1 | D81: TVP1 | E81: ALMA | F81: =IF(A81=0,"SERIE",+VLOOKUP(A81,[3]!AREA2014A,3)) -> PLE 12mm | G81: HI300-12-20X250 | H81: =IF(A81=0,"PESOU",+VLOOKUP(A81,[3]!AREA2014A,4))*$B$2 -> 94.2 | I81: =IF(A81=0,"CODIGO", +VLOOKUP(A81,[3]!AREA2014A,13)) -> 12.54.52.390.00 | J81: 2768 | K81: =300-40 -> 260 | L81: 4.389 | M81: 8.78 | O81: 1 | P81: =O81*$P$80 -> 2 | Q81: =IF(K81="",+H81/1000*J81,+H81/1000*J81/1000*K81) -> 67.793856 | R81: =+Q81*O81 -> 67.793856 | S81: =+Q81*P81 -> 135.58771 | V81: =IF(U80>100,"EXTRAPESADO",IF(U80<=100,IF(U80>=60,"PESADO",IF(U80<60,IF(U80>=30,"MEDIANO","LIVIANO"))))) -> EXTRAPESADO | AJ81: =IF(A81=0,"NORMA", +VLOOKUP(A81,[3]!AREA2014A,15)) -> A36 | AL81: =AL80 -> TVP1 | AM81: ;
A82: 693 | B82: =B81 -> 1 | D82: TVP1 | E82: PATIN | F82: =IF(A82=0,"SERIE",+VLOOKUP(A82,[3]!AREA2014A,3)) -> PLE 20mm | G82: HI300-12-20X250 | H82: =IF(A82=0,"PESOU",+VLOOKUP(A82,[3]!AREA2014A,4))*$B$2 -> 157 | I82: =IF(A82=0,"CODIGO", +VLOOKUP(A82,[3]!AREA2014A,13)) -> 12.54.52.470.03 | J82: 2768 | K82: 250 | L82: 4.389 | M82: 8.78 | O82: 2 | P82: =O82*$P$80 -> 4 | Q82: =IF(K82="",+H82/1000*J82,+H82/1000*J82/1000*K82) -> 108.644 | R82: =+Q82*O82 -> 217.288 | S82: =+Q82*P82 -> 434.576 | V82: =IF(U81>100,"EXTRAPESADO",IF(U81<=100,IF(U81>=60,"PESADO",IF(U81<60,IF(U81>=30,"MEDIANO","LIVIANO"))))) -> LIVIANO | AJ82: =IF(A82=0,"NORMA", +VLOOKUP(A82,[3]!AREA2014A,15)) -> A36 | AL82: =AL81 -> TVP1 | AM82: ;
A83: 693 | B83: =B80 -> 1 | D83: p3 | E83: ENDPLATE_2 | F83: =IF(A83=0,"SERIE",+VLOOKUP(A83,[3]!AREA2014A,3)) -> PLE 20mm | G83: PL20X250 | H83: =IF(A83=0,"PESOU",+VLOOKUP(A83,[3]!AREA2014A,4))*$B$2 -> 157 | I83: =IF(A83=0,"CODIGO", +VLOOKUP(A83,[3]!AREA2014A,13)) -> 12.54.52.470.03 | J83: 310 | K83: 250 | L83: 0.177 | M83: 0.35 | O83: 1 | P83: =O83*$P$80 -> 2 | Q83: =IF(K83="",+H83/1000*J83,+H83/1000*J83/1000*K83) -> 12.1675 | R83: =+Q83*O83 -> 12.1675 | S83: =+Q83*P83 -> 24.335 | V83: =IF(U80>100,"EXTRAPESADO",IF(U80<=100,IF(U80>=60,"PESADO",IF(U80<60,IF(U80>=30,"MEDIANO","LIVIANO"))))) -> EXTRAPESADO | AJ83: =IF(A83=0,"NORMA", +VLOOKUP(A83,[3]!AREA2014A,15)) -> A36 | AL83: =AL81 -> TVP1 | AM83: ;
A84: 693 | B84: =B80 -> 1 | D84: pl14 | E84: PLACA | F84: =IF(A84=0,"SERIE",+VLOOKUP(A84,[3]!AREA2014A,3)) -> PLE 20mm | G84: PL20X250 | H84: =IF(A84=0,"PESOU",+VLOOKUP(A84,[3]!AREA2014A,4))*$B$2 -> 157 | I84: =IF(A84=0,"CODIGO", +VLOOKUP(A84,[3]!AREA2014A,13)) -> 12.54.52.470.03 | J84: 310 | K84: 250 | L84: 0.177 | M84: 0.35 | O84: 1 | P84: =O84*$P$80 -> 2 | Q84: =IF(K84="",+H84/1000*J84,+H84/1000*J84/1000*K84) -> 12.1675 | R84: =+Q84*O84 -> 12.1675 | S84: =+Q84*P84 -> 24.335 | V84: =IF(U80>100,"EXTRAPESADO",IF(U80<=100,IF(U80>=60,"PESADO",IF(U80<60,IF(U80>=30,"MEDIANO","LIVIANO"))))) -> EXTRAPESADO | AJ84: =IF(A84=0,"NORMA", +VLOOKUP(A84,[3]!AREA2014A,15)) -> A36 | AL84: =AL83 -> TVP1 | AM84: ;
A85: 693 | B85: =B80 -> 1 | D85: pl15 | E85: PL PERF | F85: =IF(A85=0,"SERIE",+VLOOKUP(A85,[3]!AREA2014A,3)) -> PLE 20mm | G85: PL20X300 | H85: =IF(A85=0,"PESOU",+VLOOKUP(A85,[3]!AREA2014A,4))*$B$2 -> 157 | I85: =IF(A85=0,"CODIGO", +VLOOKUP(A85,[3]!AREA2014A,13)) -> 12.54.52.470.03 | J85: 310 | K85: 300 | L85: 0.21 | M85: 0.42 | O85: 1 | P85: =O85*$P$80 -> 2 | Q85: =IF(K85="",+H85/1000*J85,+H85/1000*J85/1000*K85) -> 14.601 | R85: =+Q85*O85 -> 14.601 | S85: =+Q85*P85 -> 29.202 | V85: =IF(U80>100,"EXTRAPESADO",IF(U80<=100,IF(U80>=60,"PESADO",IF(U80<60,IF(U80>=30,"MEDIANO","LIVIANO"))))) -> EXTRAPESADO | AJ85: =IF(A85=0,"NORMA", +VLOOKUP(A85,[3]!AREA2014A,15)) -> A36 | AL85: =AL84 -> TVP1 | AM85: ;
A86: 687 | B86: =B80 -> 1 | D86: pl31 | E86: RIGIDIZADOR | F86: =IF(A86=0,"SERIE",+VLOOKUP(A86,[3]!AREA2014A,3)) -> PLE 12mm | G86: PL12X119 | H86: =IF(A86=0,"PESOU",+VLOOKUP(A86,[3]!AREA2014A,4))*$B$2 -> 94.2 | I86: =IF(A86=0,"CODIGO", +VLOOKUP(A86,[3]!AREA2014A,13)) -> 12.54.52.390.00 | J86: 256 | K86: 119 | L86: 0.067 | M86: 0.13 | O86: 1 | P86: =O86*$P$80 -> 2 | Q86: =IF(K86="",+H86/1000*J86,+H86/1000*J86/1000*K86) -> 2.8697088 | R86: =+Q86*O86 -> 2.8697088 | S86: =+Q86*P86 -> 5.7394176 | V86: =IF(U80>100,"EXTRAPESADO",IF(U80<=100,IF(U80>=60,"PESADO",IF(U80<60,IF(U80>=30,"MEDIANO","LIVIANO"))))) -> EXTRAPESADO | AJ86: =IF(A86=0,"NORMA", +VLOOKUP(A86,[3]!AREA2014A,15)) -> A36 | AL86: =AL85 -> TVP1 | AM86: ;
A87: 687 | B87: =B80 -> 1 | D87: pl32 | E87: RIGIDIZADOR | F87: =IF(A87=0,"SERIE",+VLOOKUP(A87,[3]!AREA2014A,3)) -> PLE 12mm | G87: PL12X119 | H87: =IF(A87=0,"PESOU",+VLOOKUP(A87,[3]!AREA2014A,4))*$B$2 -> 94.2 | I87: =IF(A87=0,"CODIGO", +VLOOKUP(A87,[3]!AREA2014A,13)) -> 12.54.52.390.00 | J87: 256 | K87: 119 | L87: 0.068 | M87: 0.14 | O87: 1 | P87: =O87*$P$80 -> 2 | Q87: =IF(K87="",+H87/1000*J87,+H87/1000*J87/1000*K87) -> 2.8697088 | R87: =+Q87*O87 -> 2.8697088 | S87: =+Q87*P87 -> 5.7394176 | V87: =IF(U80>100,"EXTRAPESADO",IF(U80<=100,IF(U80>=60,"PESADO",IF(U80<60,IF(U80>=30,"MEDIANO","LIVIANO"))))) -> EXTRAPESADO | AJ87: =IF(A87=0,"NORMA", +VLOOKUP(A87,[3]!AREA2014A,15)) -> A36 | AL87: =AL86 -> TVP1 | AM87: ;
A88: 686 | B88: =B80 -> 1 | D88: rg8 | E88: RIGIDIZADOR | F88: =IF(A88=0,"SERIE",+VLOOKUP(A88,[3]!AREA2014A,3)) -> PLE 10mm | G88: PL10X119 | H88: =IF(A88=0,"PESOU",+VLOOKUP(A88,[3]!AREA2014A,4))*$B$2 -> 78.5 | I88: =IF(A88=0,"CODIGO", +VLOOKUP(A88,[3]!AREA2014A,13)) -> 12.54.52.370.07 | J88: 256 | K88: 119 | L88: 0.067 | M88: 1.07 | O88: 8 | P88: =O88*$P$80 -> 16 | Q88: =IF(K88="",+H88/1000*J88,+H88/1000*J88/1000*K88) -> 2.391424 | R88: =+Q88*O88 -> 19.131392 | S88: =+Q88*P88 -> 38.262784 | V88: =IF(U80>100,"EXTRAPESADO",IF(U80<=100,IF(U80>=60,"PESADO",IF(U80<60,IF(U80>=30,"MEDIANO","LIVIANO"))))) -> EXTRAPESADO | AJ88: =IF(A88=0,"NORMA", +VLOOKUP(A88,[3]!AREA2014A,15)) -> A36 | AL88: =AL87 -> TVP1 | AM88: ;
B89: 1 | C89: 18 | D89: TVP2 | E89: VIGA - HI340-12-20X250 | F89: =F90 -> PLE 12mm | G89: =G90 -> HI340-12-20X250 | J89: =MAX(J90:J98) -> 2768 | N89: 6 | O89: 1 | P89: =O89*TOTALES!$A$1 -> 1 | Q89: =+R89 -> 368.22855 | R89: =SUM(R90:R98) -> 368.22855 | T89: =+R89*P89 -> 368.22855 | U89: =R89/(J89/1000) -> 133.03055 | V89: =IF(U89>100,"EXTRAPESADO",IF(U89<=100,IF(U89>=60,"PESADO",IF(U89<60,IF(U89>=30,"MEDIANO","LIVIANO"))))) -> EXTRAPESADO | AJ89: =AJ90 -> A36 | AL89: =D89 -> TVP2 | AM89: ;
A90: 687 | B90: =B89 -> 1 | D90: TVP2 | E90: ALMA | F90: =IF(A90=0,"SERIE",+VLOOKUP(A90,[3]!AREA2014A,3)) -> PLE 12mm | G90: HI340-12-20X250 | H90: =IF(A90=0,"PESOU",+VLOOKUP(A90,[3]!AREA2014A,4))*$B$2 -> 94.2 | I90: =IF(A90=0,"CODIGO", +VLOOKUP(A90,[3]!AREA2014A,13)) -> 12.54.52.390.00 | J90: 2768 | K90: =340-40 -> 300 | L90: 4.611 | M90: 4.61 | O90: 1 | P90: =O90*$P$89 -> 1 | Q90: =IF(K90="",+H90/1000*J90,+H90/1000*J90/1000*K90) -> 78.22368 | R90: =+Q90*O90 -> 78.22368 | S90: =+Q90*P90 -> 78.22368 | V90: =IF(U89>100,"EXTRAPESADO",IF(U89<=100,IF(U89>=60,"PESADO",IF(U89<60,IF(U89>=30,"MEDIANO","LIVIANO"))))) -> EXTRAPESADO | AJ90: =IF(A90=0,"NORMA", +VLOOKUP(A90,[3]!AREA2014A,15)) -> A36 | AL90: =AL89 -> TVP2 | AM90: ;
A91: 693 | B91: =B90 -> 1 | D91: TVP2 | E91: PATIN | F91: =IF(A91=0,"SERIE",+VLOOKUP(A91,[3]!AREA2014A,3)) -> PLE 20mm | G91: HI340-12-20X250 | H91: =IF(A91=0,"PESOU",+VLOOKUP(A91,[3]!AREA2014A,4))*$B$2 -> 157 | I91: =IF(A91=0,"CODIGO", +VLOOKUP(A91,[3]!AREA2014A,13)) -> 12.54.52.470.03 | J91: 2768 | K91: 250 | L91: 4.611 | M91: 4.61 | O91: 2 | P91: =O91*$P$89 -> 2 | Q91: =IF(K91="",+H91/1000*J91,+H91/1000*J91/1000*K91) -> 108.644 | R91: =+Q91*O91 -> 217.288 | S91: =+Q91*P91 -> 217.288 | V91: =IF(U90>100,"EXTRAPESADO",IF(U90<=100,IF(U90>=60,"PESADO",IF(U90<60,IF(U90>=30,"MEDIANO","LIVIANO"))))) -> LIVIANO | AJ91: =IF(A91=0,"NORMA", +VLOOKUP(A91,[3]!AREA2014A,15)) -> A36 | AL91: =AL90 -> TVP2 | AM91: ;
A92: 693 | B92: =B89 -> 1 | D92: p2 | E92: ENDPLATE_2 | F92: =IF(A92=0,"SERIE",+VLOOKUP(A92,[3]!AREA2014A,3)) -> PLE 20mm | G92: PL20X250 | H92: =IF(A92=0,"PESOU",+VLOOKUP(A92,[3]!AREA2014A,4))*$B$2 -> 157 | I92: =IF(A92=0,"CODIGO", +VLOOKUP(A92,[3]!AREA2014A,13)) -> 12.54.52.470.03 | J92: 350 | K92: 250 | L92: 0.199 | M92: 0.2 | O92: 1 | P92: =O92*$P$89 -> 1 | Q92: =IF(K92="",+H92/1000*J92,+H92/1000*J92/1000*K92) -> 13.7375 | R92: =+Q92*O92 -> 13.7375 | S92: =+Q92*P92 -> 13.7375 | V92: =IF(U89>100,"EXTRAPESADO",IF(U89<=100,IF(U89>=60,"PESADO",IF(U89<60,IF(U89>=30,"MEDIANO","LIVIANO"))))) -> EXTRAPESADO | AJ92: =IF(A92=0,"NORMA", +VLOOKUP(A92,[3]!AREA2014A,15)) -> A36 | AL92: =AL90 -> TVP2 | AM92: ;
A93: 693 | B93: =B89 -> 1 | D93: pl16 | E93: PLACA | F93: =IF(A93=0,"SERIE",+VLOOKUP(A93,[3]!AREA2014A,3)) -> PLE 20mm | G93: PL20X250 | H93: =IF(A93=0,"PESOU",+VLOOKUP(A93,[3]!AREA2014A,4))*$B$2 -> 157 | I93: =IF(A93=0,"CODIGO", +VLOOKUP(A93,[3]!AREA2014A,13)) -> 12.54.52.470.03 | J93: 350 | K93: 250 | L93: 0.199 | M93: 0.2 | O93: 1 | P93: =O93*$P$89 -> 1 | Q93: =IF(K93="",+H93/1000*J93,+H93/1000*J93/1000*K93) -> 13.7375 | R93: =+Q93*O93 -> 13.7375 | S93: =+Q93*P93 -> 13.7375 | V93: =IF(U89>100,"EXTRAPESADO",IF(U89<=100,IF(U89>=60,"PESADO",IF(U89<60,IF(U89>=30,"MEDIANO","LIVIANO"))))) -> EXTRAPESADO | AJ93: =IF(A93=0,"NORMA", +VLOOKUP(A93,[3]!AREA2014A,15)) -> A36 | AL93: =AL92 -> TVP2 | AM93: ;
A94: 693 | B94: =B89 -> 1 | D94: pl17 | E94: PL PERF | F94: =IF(A94=0,"SERIE",+VLOOKUP(A94,[3]!AREA2014A,3)) -> PLE 20mm | G94: PL20X300 | H94: =IF(A94=0,"PESOU",+VLOOKUP(A94,[3]!AREA2014A,4))*$B$2 -> 157 | I94: =IF(A94=0,"CODIGO", +VLOOKUP(A94,[3]!AREA2014A,13)) -> 12.54.52.470.03 | J94: 350 | K94: 300 | L94: 0.236 | M94: 0.24 | O94: 1 | P94: =O94*$P$89 -> 1 | Q94: =IF(K94="",+H94/1000*J94,+H94/1000*J94/1000*K94) -> 16.485 | R94: =+Q94*O94 -> 16.485 | S94: =+Q94*P94 -> 16.485 | V94: =IF(U89>100,"EXTRAPESADO",IF(U89<=100,IF(U89>=60,"PESADO",IF(U89<60,IF(U89>=30,"MEDIANO","LIVIANO"))))) -> EXTRAPESADO | AJ94: =IF(A94=0,"NORMA", +VLOOKUP(A94,[3]!AREA2014A,15)) -> A36 | AL94: =AL93 -> TVP2 | AM94: ;
A95: 687 | B95: =B89 -> 1 | D95: pl33 | E95: RIGIDIZADOR | F95: =IF(A95=0,"SERIE",+VLOOKUP(A95,[3]!AREA2014A,3)) -> PLE 12mm | G95: PL12X119 | H95: =IF(A95=0,"PESOU",+VLOOKUP(A95,[3]!AREA2014A,4))*$B$2 -> 94.2 | I95: =IF(A95=0,"CODIGO", +VLOOKUP(A95,[3]!AREA2014A,13)) -> 12.54.52.390.00 | J95: 296 | K95: 119 | L95: 0.077 | M95: 0.08 | O95: 1 | P95: =O95*$P$89 -> 1 | Q95: =IF(K95="",+H95/1000*J95,+H95/1000*J95/1000*K95) -> 3.3181008 | R95: =+Q95*O95 -> 3.3181008 | S95: =+Q95*P95 -> 3.3181008 | V95: =IF(U89>100,"EXTRAPESADO",IF(U89<=100,IF(U89>=60,"PESADO",IF(U89<60,IF(U89>=30,"MEDIANO","LIVIANO"))))) -> EXTRAPESADO | AJ95: =IF(A95=0,"NORMA", +VLOOKUP(A95,[3]!AREA2014A,15)) -> A36 | AL95: =AL94 -> TVP2 | AM95: ;
A96: 687 | B96: =B89 -> 1 | D96: pl34 | E96: RIGIDIZADOR | F96: =IF(A96=0,"SERIE",+VLOOKUP(A96,[3]!AREA2014A,3)) -> PLE 12mm | G96: PL12X119 | H96: =IF(A96=0,"PESOU",+VLOOKUP(A96,[3]!AREA2014A,4))*$B$2 -> 94.2 | I96: =IF(A96=0,"CODIGO", +VLOOKUP(A96,[3]!AREA2014A,13)) -> 12.54.52.390.00 | J96: 296 | K96: 119 | L96: 0.079 | M96: 0.08 | O96: 1 | P96: =O96*$P$89 -> 1 | Q96: =IF(K96="",+H96/1000*J96,+H96/1000*J96/1000*K96) -> 3.3181008 | R96: =+Q96*O96 -> 3.3181008 | S96: =+Q96*P96 -> 3.3181008 | V96: =IF(U89>100,"EXTRAPESADO",IF(U89<=100,IF(U89>=60,"PESADO",IF(U89<60,IF(U89>=30,"MEDIANO","LIVIANO"))))) -> EXTRAPESADO | AJ96: =IF(A96=0,"NORMA", +VLOOKUP(A96,[3]!AREA2014A,15)) -> A36 | AL96: =AL95 -> TVP2 | AM96: ;
A97: 686 | B97: =B89 -> 1 | D97: rg1 | E97: RIGIDIZADOR | F97: =IF(A97=0,"SERIE",+VLOOKUP(A97,[3]!AREA2014A,3)) -> PLE 10mm | G97: PL10X119 | H97: =IF(A97=0,"PESOU",+VLOOKUP(A97,[3]!AREA2014A,4))*$B$2 -> 78.5 | I97: =IF(A97=0,"CODIGO", +VLOOKUP(A97,[3]!AREA2014A,13)) -> 12.54.52.370.07 | J97: 296 | K97: 119 | L97: 0.077 | M97: 0.08 | O97: 1 | P97: =O97*$P$89 -> 1 | Q97: =IF(K97="",+H97/1000*J97,+H97/1000*J97/1000*K97) -> 2.765084 | R97: =+Q97*O97 -> 2.765084 | S97: =+Q97*P97 -> 2.765084 | V97: =IF(U89>100,"EXTRAPESADO",IF(U89<=100,IF(U89>=60,"PESADO",IF(U89<60,IF(U89>=30,"MEDIANO","LIVIANO"))))) -> EXTRAPESADO | AJ97: =IF(A97=0,"NORMA", +VLOOKUP(A97,[3]!AREA2014A,15)) -> A36 | AL97: =AL96 -> TVP2 | AM97: ;
A98: 686 | B98: =B89 -> 1 | D98: rg2 | E98: RIGIDIZADOR | F98: =IF(A98=0,"SERIE",+VLOOKUP(A98,[3]!AREA2014A,3)) -> PLE 10mm | G98: PL10X119 | H98: =IF(A98=0,"PESOU",+VLOOKUP(A98,[3]!AREA2014A,4))*$B$2 -> 78.5 | I98: =IF(A98=0,"CODIGO", +VLOOKUP(A98,[3]!AREA2014A,13)) -> 12.54.52.370.07 | J98: 296 | K98: 119 | L98: 0.077 | M98: 0.54 | O98: 7 | P98: =O98*$P$89 -> 7 | Q98: =IF(K98="",+H98/1000*J98,+H98/1000*J98/1000*K98) -> 2.765084 | R98: =+Q98*O98 -> 19.355588 | S98: =+Q98*P98 -> 19.355588 | V98: =IF(U89>100,"EXTRAPESADO",IF(U89<=100,IF(U89>=60,"PESADO",IF(U89<60,IF(U89>=30,"MEDIANO","LIVIANO"))))) -> EXTRAPESADO | AJ98: =IF(A98=0,"NORMA", +VLOOKUP(A98,[3]!AREA2014A,15)) -> A36 | AL98: =AL97 -> TVP2 | AM98: ;
B99: 1 | C99: 19 | D99: TVP3 | E99: VIGA - HEB 340 | F99: =F100 -> PLE 12mm | G99: =G100 -> HEB340 | J99: =MAX(J100:J110) -> 6668 | N99: 15.8 | O99: 1 | P99: =O99*TOTALES!$A$1 -> 1 | Q99: =+R99 -> 1071.3348 | R99: =SUM(R100:R110) -> 1071.3348 | T99: =+R99*P99 -> 1071.3348 | U99: =R99/(J99/1000) -> 160.66808 | V99: =IF(U99>100,"EXTRAPESADO",IF(U99<=100,IF(U99>=60,"PESADO",IF(U99<60,IF(U99>=30,"MEDIANO","LIVIANO"))))) -> EXTRAPESADO | AJ99: =AJ100 -> A36 | AL99: =D99 -> TVP3 | AM99: ;
A100: 687 | B100: =B99 -> 1 | D100: TVP3 | E100: ALMA | F100: =IF(A100=0,"SERIE",+VLOOKUP(A100,[3]!AREA2014A,3)) -> PLE 12mm | G100: HEB340 | H100: =IF(A100=0,"PESOU",+VLOOKUP(A100,[3]!AREA2014A,4))*$B$2 -> 94.2 | I100: =IF(A100=0,"CODIGO", +VLOOKUP(A100,[3]!AREA2014A,13)) -> 12.54.52.390.00 | J100: 6668 | K100: =340-22-22 -> 296 | L100: 12.409 | M100: 12.41 | O100: 1 | P100: =O100*$P$99 -> 1 | Q100: =IF(K100="",+H100/1000*J100,+H100/1000*J100/1000*K100) -> 185.92518 | R100: =+Q100*O100 -> 185.92518 | S100: =+Q100*P100 -> 185.92518 | V100: =IF(U99>100,"EXTRAPESADO",IF(U99<=100,IF(U99>=60,"PESADO",IF(U99<60,IF(U99>=30,"MEDIANO","LIVIANO"))))) -> EXTRAPESADO | AJ100: =IF(A100=0,"NORMA", +VLOOKUP(A100,[3]!AREA2014A,15)) -> A36 | AL100: =AL99 -> TVP3 | AM100: ;
...

Sheet TOTALES
A1: 1

Sheet Lista de Articulos
A1: POSICION | B1: Arriostramientos_2C | C1: Arriostramientos_4PL | D1: Arriostramientos_H_I
A2: Arriostramientos_2C | B2: a | C2: 1 | D2: Q
A3: Arriostramientos_4PL | B3: b | C3: 2 | D3: W
A4: Arriostramientos_H_I | B4: c | C4: 3 | D4: E
A5: Arriostramientos Perfiles Laminados | B5: d | C5: 4 | D5: R
A6: Base estructural
A7: Campers
A8: Celosías
A9: Columna 2C
A10: Columna 4PL
A11: Columna H, I
A12: Columna Perfil Laminado
A13: Columna Perfiles Laminados
A14: Columna Tipo Celosía
A15: Correas
A16: Diagonales
A17: Dovelas H, I
... A128: Tuberías de presión

Sheet BODEGAS
G1: CON ACABADO SUPERFICIAL | L1: SIN ACABADO SUPERFICIAL | Q1: Acabado Superficial
A2: SALIDA DE MATERIAL | B2: NUMERO | D2: INGRESA A LA BODEGA | E2: NUMERO | G2: PINTURA | H2: SECTOR | I2: # SECTOR | J2: BODEGA | L2: PINTURA | M2: SECTOR | N2: # SECTOR | O2: NUMERO | Q2: GALVANIZADO | R2: PINTADO
A3: MATERIA PRIMA | B3: 003 | D3: Producto en proceso en negro | E3: 900 | G3: ACABADO | H3: ELECTRICO | I3: 11 | J3: 970 | L3: NEGRO | M3: ELECTRICO | N3: 11 | O3: 950 | Q3: EXTRA GALVANIZADO | R3: PINTADO
G4: ACABADO | H4: TELECOMUNICACIONES | I4: 12 | J4: 971 | L4: NEGRO | M4: TELECOMUNICACIONES | N4: 12 | O4: 951 | Q4: NEGRO | R4: NEGRO
G5: ACABADO | H5: INF. SIERRA | I5: 16 | J5: 972 | L5: NEGRO | M5: INF. SIERRA | N5: 16 | O5: 952 | Q5: BICAPA EPOXICO-EPOXICO | R5: PINTADO
A6: Proyecto | B6: Sector | E6: Tipo ACS | G6: ACABADO | H6: PETROLEO | I6: 14 | J6: 973 | L6: NEGRO | M6: PETROLEO | N6: 14 | O6: 953 | Q6: BICAPA EPOXICO-POLUIRETANO | R6: PINTADO
A7: ='ORDENES DE FABRICACION'!#REF! -> #REF! | B7: =VALUE(LEFT(A7,2)) -> #REF! | E7: =VLOOKUP('ORDENES DE FABRICACION'!AK6,$Q$2:$R$17,2,FALSE) -> #N/A | G7: ACABADO | H7: BANDEJAS | J7: 974 | L7: NEGRO | M7: BANDEJAS | O7: 954 | Q7: BICAPA EPOXICO-SINTETICO | R7: PINTADO
A8: TRUE | G8: ACABADO | H8: INF. COSTA | I8: 17 | J8: 975 | L8: NEGRO | M8: INF. COSTA | N8: 17 | O8: 955 | Q8: BICAPA WASHPRIMER-SINTETICO | R8: PINTADO
A9: FALSE | G9: ACABADO | H9: GALVANIZADO | J9: 976 | L9: NEGRO | M9: SERVICIO A TERCEROS | O9: 956 | Q9: DUPLEX-ACRILICO | R9: PINTADO
G10: ACABADO | H10: CONSUMO INTERNO | J10: 978 | L10: NEGRO | M10: CONSUMO INTERNO | O10: 958 | Q10: DUPLEX ESMALTE | R10: PINTADO
G11: ACABADO | H11: CMG | I11: 13 | J11: 975 | L11: NEGRO | M11: CMG | N11: 13 | O11: 955
Q12: BICAPA ANTICORROSIVO-SINTETICO | R12: PINTADO
Q13: MONO CAPA ANTICORROSIVO | R13: PINTADO
A14: Bodega Entrada | Q14: BICAPA EPOXICO-ACRILICO | R14: PINTADO
A15: =IF(E7="PINTADO",VLOOKUP(B7,I3:J11,2,FALSE),IF(E7="NEGRO",VLOOKUP(B7,BODEGAS!$N$3:$O$11,2,FALSE),976)) -> #N/A | Q15: TRICAPA INORGANICO DE ZINC-EPOXICO-POLUIRETANO | R15: PINTADO
Q16: MONO CAPA EPOXICO | R16: PINTADO
Q17: TRICAPA ORGANICO DE ZINC-EPOXICO-POLUIRETANO | R17: PINTADO
P20: =_xlfn.IFS(AND((C7=11)*(E7="NEGRO")),O3,((C7=11)*(E7="GALVANIZADO")),J3,((C7=11)*(E7="PINTADO")),J3,((C7=12)*(E7="NEGRO")),O4,((C7=12)*(E7="GALVANIZADO")),J4,((C7=12)*(E7="PINTADO")),J4,((C7=16)*(E7="NEGRO")),O5,((C7=16)*(E7="GALVANIZADO")),J5,((C7=16)*(E7="PINTADO")),J5,((C7=14)*(E7="NEGRO")),O6,((C7=14)*(E7="GALVANIZADO")),J6,((C7=14)*(E7="PINTADO")),J6,((C7=17)*(E7="NEGRO")),O8,((C7=17)*(E7="GALVANIZADO")),J8,((C7=17)*(E7="PINTADO")),J8) -> #NAME?

Sheet RUTAS
A1: ÍTEM | B1: FAMILIA | C1: ELEMENTO | D1: DESCRIPCIÓN | E1: NOMBRE TEKLA | F1: OBSERBACIONES | G1: NOMBRE TEKLA (PARTES) | H1: RUTA | I1: NOMBRE COMPLETO | N1: CONJUNTOS | O1: RUTA
A2: 1 | B2: FLEJES | C2: ALMA | E2: ALMA | G2: ALMA | H2: 2000 | I2: ALMA | J2: 1 | L2: ESTRUCTURA PRINCIPAL | N2: COLUMNA HI | O2: 180
A3: =A2+1 -> 2 | B3: FLEJES | C3: ALMA | D3: CON PERFORACIONES | E3: ALMA CON PERFORACIONES | G3: ALMA PERF | H3: 2010 | I3: ALMA PERFORADA | J3: 2 | L3: ESTRUCTURA PRINCIPAL | N3: COLUMNA 2C | O3: 186
A4: =A3+1 -> 3 | B4: FLEJES | C4: ALMA | D4: CON BISEL | E4: ALMA CON BISEL | G4: ALMA BISEL | H4: 2033 | I4: ALMA BISELADA | J4: 3 | L4: ESTRUCTURA PRINCIPAL | N4: COLUMNA 2G | O4: 180
A5: =A4+1 -> 4 | B5: FLEJES | C5: ALMA | D5: CON PERFORACIÓN - BISEL | E5: ALMA CON PERFORACIÓN - BISEL | G5: ALMA PER BISEL | H5: 2065 | I5: ALMA PERFORADA BISELADA | J5: 4 | L5: ESTRUCTURA PRINCIPAL | N5: COLUMNA LAM | O5: 180
A6: =A5+1 -> 5 | E6: PATIN | G6: PATIN | H6: 2000 | I6: PATINES | J6: 5 | L6: ESTRUCTURA PRINCIPAL | N6: COLUMNA CELOSIA | O6: 180
A7: =A6+1 -> 6 | B7: FLEJES | C7: PATÍN | E7: PATÍN SUPERIOR | G7: P.SUP | H7: 2000 | I7: PATIN SUPERIOR | J7: 6 | L7: ESTRUCTURA PRINCIPAL | N7: V.PRINCIPAL HI | O7: 180
A8: =A7+1 -> 7 | E8: PATÍN INFERIOR | G8: P.INF | H8: 2000 | I8: PATIN INFERIOR | J8: 7 | L8: ESTRUCTURA PRINCIPAL | N8: V.PRINCIPAL 2C | O8: 186
A9: =A8+1 -> 8 | E9: PATIN CON PERFORACIONES | G9: P.PERF | H9: 2010 | I9: PATINES PERFORADOS | J9: 8 | L9: ESTRUCTURA PRINCIPAL | N9: V.PRINCIPAL LAM | O9: 180
A10: =A9+1 -> 9 | B10: FLEJES | C10: PATÍN | D10: CON PERFORACIONES | E10: PATÍN SUPERIOR CON PERFORACIONES | G10: P.SUP PERF | H10: 2010 | I10: PATIN SUPERIOR PERFORADOS | J10: 9 | L10: ESTRUCTURA PRINCIPAL | N10: V.CELOSIA | O10: 180
A11: =A10+1 -> 10 | E11: PATÍN INFERIOR CON PERFORACIONES | G11: P.INF PERF | H11: 2010 | I11: PATIN INFERIOR PERFORADOS | J11: 10 | L11: ESTRUCTURA PRINCIPAL | N11: V.SECUNDARIA HI | O11: 180
A12: =A11+1 -> 11 | E12: PATIN CON BISEL | G12: P.BISEL | H12: 2033 | I12: PATINES BISELADOS | J12: 11 | L12: ESTRUCTURA PRINCIPAL | N12: V.SECUNDARIA 2C | O12: 186
A13: =A12+1 -> 12 | E13: PATÍN SUPERIOR CON BISEL | G13: P.SUP BISEL | H13: 2033 | I13: PATIN SUPERIOS BISELADOS | J13: 12 | L13: ESTRUCTURA PRINCIPAL | N13: V.SECUNDARIA LAM | O13: 180
A14: =A13+1 -> 13 | B14: FLEJES | C14: PATÍN | D14: CON BISEL | E14: PATÍN INFERIOR CON BISEL | G14: P.INF BISEL | H14: 2033 | I14: PATIN INFERIOR BISELADOS | J14: 13 | L14: ESTRUCTURA PRINCIPAL | N14: RIOSTRA HI | O14: 180
A15: =A14+1 -> 14 | E15: PATIN CON PERFORACIONES - BISEL | G15: P.PERF BISEL | H15: 2065 | I15: PATINES PERFORADOS BISELADOS | J15: 14 | L15: ESTRUCTURA PRINCIPAL | N15: RIOSTRA 2C | O15: 186
A16: =A15+1 -> 15 | E16: PATÍN SUPERIOR CON PERFORACIÓN - BISEL | G16: P.SUP PERF BISEL | H16: 2065 | I16: PATIN SUPERIOR PERFORADOS BISELADOS | J16: 15 | L16: ESTRUCTURA PRINCIPAL | N16: RIOSTRA PERFIL LAM | O16: 180
A17: =A16+1 -> 16 | B17: FLEJES | C17: PATÍN | D17: CON PERFORACIÓN - BISEL | E17: PATÍN INFERIOR CON PERFORACIÓN - BISEL | G17: P.INF PERF BISEL | H17: 2065 | I17: PATIN INFERIOR PERFORADOS BISELADOS | J17: 16 | L17: ESTRUCTURA PRINCIPAL | N17: CORREA | O17: 180
A18: =A17+1 -> 17 | B18: FLEJES | C18: BARREDERA | E18: BARREDERA | G18: BARREDERA | H18: 2000 | I18: BARREDERA | J18: 17 | L18: ESTRUCTURA PRINCIPAL | N18: COLUMNA 4PL | O18: 186
A19: =A18+1 -> 18 | B19: FLEJES | C19: BARREDERA | D19: CON DOBLEZ | E19: BARREDERA CON DOBLEZ | G19: BARREDERA DOBLADA | H19: 2020 | I19: BARREDERA DOBLADA | J19: 18 | L19: ESTRUCTURA PRINCIPAL | N19: COLUMNA HI | O19: 180
A20: =A19+1 -> 19 | B20: FLEJES | C20: PLACA DE RESPALDO | E20: PLACA DE RESPALDO | G20: PL.RESPALDO | H20: 2000 | I20: PLACA RESPALDO | J20: 19 | L20: ESTRUCTURA PRINCIPAL | N20: COLUMNA 2C | O20: 186
A21: 21 | B21: PLACA | C21: PLACA DE CONEXIÓN | G21: PL.PERF | H21: 2010 | I21: PLACA PERFORADA | J21: 23 | L21: ESTRUCTURA PRINCIPAL | N21: COLUMNA LAM | O21: 180
A22: =A21+1 -> 22 | G22: PLACA | H22: 2000 | I22: PLACA | J22: 24 | L22: ESTRUCTURA PRINCIPAL | N22: COLUMNA CELOSIA | O22: 180
A23: =A22+1 -> 23 | G23: PL.PLEGADA PERF | H23: 2050 | I23: PLACA PLEGADA PERFORADA | J23: 25 | L23: ESTRUCTURA PRINCIPAL | N23: V.PRINCIPAL 4PL | O23: 186
A24: =A23+1 -> 24 | G24: PL.PLEGADA | H24: 2020 | I24: PLACA PLEGADA | J24: 26 | L24: ESTRUCTURA PRINCIPAL | N24: V.PRINCIPAL HI | O24: 180
A25: 25 | B25: PLACA | C25: BRIDAS | E25: BRIDAS | G25: BRIDAS | H25: 2000 | I25: BRIDAS | J25: 28 | L25: ESTRUCTURA PRINCIPAL | N25: V.PRINCIPAL 2C | O25: 186
A26: =A25+1 -> 26 | B26: PLACA | C26: RIGIDIZADOR | E26: RIGIDIZADOR | G26: RIGIDIZADOR | H26: 2000 | I26: RIGIDIZADOR | J26: 29 | L26: ESTRUCTURA PRINCIPAL | N26: V.PRINCIPAL LAM | O26: 180
A27: 27 | C27: PLACAS PISO | D27: CON PERFORACIÓN - AVELLANADO | E27: PLACAS PISO CON PERFORACIÓN - AVELLANADO | G27: PL.PISO AVELLANADO | H27: 2010 | I27: PLACA PISO PERFORADO Y AVELLANADO | J27: 31 | L27: ESTRUCTURA PRINCIPAL | N27: V.CELOSIA | O27: 180
A28: 28 | E28: PERFIL L CON PERFORACIONES | G28: A.PERF | H28: 2010 | I28: ANGULO PERFORADO | J28: 34 | L28: ESTRUCTURA PRINCIPAL | N28: V.SECUNDARIA 4PL | O28: 186
A29: =A28+1 -> 29 | E29: PERFIL L SIN PERFORACIONES | G29: ANGULO | H29: 2000 | I29: ANGULO SIN PERFORACION | J29: 35 | L29: ESTRUCTURA PRINCIPAL | N29: V.SECUNDARIA HI | O29: 180
A30: =A29+1 -> 30 | E30: PERFIL L SIN PERFORACIONES | G30: A.PERF DOBLEZ | H30: 2050 | I30: ANGULO PERFORADO DOBLADO | J30: 36 | L30: ESTRUCTURA PRINCIPAL | N30: V.SECUNDARIA 2C | O30: 186
A31: =A30+1 -> 31 | E31: PERFIL L SIN PERFORACIONES | G31: A.PERF DOBLEZ DESP | H31: 2050 | I31: ANGULO PERFORADO DOBLADO DESPUNTADO | J31: 37 | L31: ESTRUCTURA PRINCIPAL | N31: V.SECUNDARIA LAM | O31: 180
A32: =A31+1 -> 32 | E32: PERFIL L SIN PERFORACIONES | G32: A.PERF DOB DESP DEST | H32: 2050 | I32: ANGULO PERFORADO DOBLADO DESPUNTADO DESTALONADO | J32: 38 | L32: ESTRUCTURA PRINCIPAL | N32: RIOSTRA 4PL | O32: 186
A33: =A32+1 -> 33 | E33: PERFIL L SIN PERFORACIONES | G33: A.PERF DEST | H33: 2010 | I33: ANGULO PERFORADO DESTALONADO | J33: 39 | L33: ESTRUCTURA PRINCIPAL | N33: RIOSTRA HI | O33: 180
A34: =A33+1 -> 34 | B34: PERFILES | C34: PERFIL C | E34: PERFIL C | G34: PERFIL C | H34: 2000 | I34: PERFIL LAMINADO C | J34: 40 | L34: ESTRUCTURA PRINCIPAL | N34: RIOSTRA 2C | O34: 186
A35: =A34+1 -> 35 | B35: PERFILES | C35: PERFIL C | D35: CON PERFORACIÓN | E35: PERFIL C CON PERFORACIÓN | G35: PERFIL C PERF | H35: 2010 | I35: PERFIL C PERFORADO | J35: 41 | L35: ESTRUCTURA PRINCIPAL | N35: RIOSTRA PERFIL LAM | O35: 180
A36: =A35+1 -> 36 | B36: PERFILES | C36: PERFIL G | E36: PERFIL G | G36: PERFIL G | H36: 2000 | I36: PERFIL LAMINADO G | J36: 42 | L36: ESTRUCTURA PRINCIPAL | N36: CORREA | O36: 180
A37: =A36+1 -> 37 | B37: PERFILES | C37: PERFIL G | D37: CON PERFORACIÓN | E37: PERFIL G CON PERFORACIÓN | G37: PERFIL G PERF | H37: 2010 | I37: PERFIL G PERFORADO | J37: 43 | L37: ESTRUCTURA PRINCIPAL | N37: COLUMNA 4PL | O37: 186
A38: =A37+1 -> 38 | B38: PERFILES | C38: PERFIL Z | E38: PERFIL Z | G38: PERFIL Z | H38: 2010 | I38: PERFIL LAMINADO Z | J38: 44 | L38: ESTRUCTURA PRINCIPAL | N38: COLUMNA HI | O38: 180
A39: =A38+1 -> 39 | B39: PERFILES | C39: PERFIL Z | D39: CON PERFORACIÓN | E39: PERFIL Z CON PERFORACIÓN | G39: PERFIL Z PERF | H39: 2010 | I39: PERFIL Z PERFORADO | J39: 45 | L39: ESTRUCTURA PRINCIPAL | N39: COLUMNA 2C | O39: 186
A40: =A39+1 -> 40 | B40: PERFILES | C40: PERFIL HEA | E40: PERFIL HEA | G40: PERFIL HEA | H40: 2000 | I40: PERFIL LAMINADO HEA | J40: 46 | L40: ESTRUCTURA PRINCIPAL | N40: COLUMNA LAM | O40: 180
A41: =A40+1 -> 41 | B41: PERFILES | C41: PERFIL HEA | D41: CON PERFORACIÓN | E41: PERFIL HEA CON PERFORACIÓN | G41: PERFIL HEA PERF | H41: 2010 | I41: PERFIL HEA PERFORADO | J41: 47 | L41: ESTRUCTURA PRINCIPAL | N41: COLUMNA CELOSIA | O41: 180
A42: =A41+1 -> 42 | E42: PERFIL HEA CON ROLADO | G42: PERFIL HEA ROL PERF | H42: 2060 | I42: PERFIL HEA ROLADO PERFORADO | J42: 48 | L42: ESTRUCTURA PRINCIPAL | N42: V.PRINCIPAL 4PL | O42: 186
A43: =A42+1 -> 43 | B43: PERFILES | C43: PERFIL HEA | D43: CON ROLADO | E43: PERFIL HEA CON ROLADO | G43: PERFIL HEA ROL | H43: 2030 | I43: PERFIL HEA ROLADO | J43: 49 | L43: ESTRUCTURA PRINCIPAL | N43: V.PRINCIPAL HI | O43: 180
A44: =A43+1 -> 44 | B44: PERFILES | C44: PERFIL HEB | E44: PERFIL HEB | G44: PERFIL HEB | H44: 2000 | I44: PERFIL LAMINADO HEB | J44: 50 | L44: ESTRUCTURA PRINCIPAL | N44: V.PRINCIPAL 2C | O44: 186
A45: =A44+1 -> 45 | B45: PERFILES | C45: PERFIL HEB | D45: CON PERFORACIÓN | E45: PERFIL HEB CON PERFORACIÓN | G45: PERFIL HEB PERF | H45: 2010 | I45: PERIL HEB PERFORADO | J45: 51 | L45: ESTRUCTURA PRINCIPAL | N45: V.PRINCIPAL LAM | O45: 180
A46: =A45+1 -> 46 | B46: PERFILES | C46: PERFIL HEB | D46: CON ROLADO | E46: PERFIL HEB CON ROLADO | G46: PERFIL HEB ROL PERF | H46: 2060 | I46: PERFIL HEB ROLADO PERFORADO | J46: 52 | L46: ESTRUCTURA PRINCIPAL | N46: V.CELOSIA | O46: 180
A47: =A46+1 -> 47 | B47: PERFILES | C47: PERFIL HEB | D47: CON ROLADO | E47: PERFIL HEB CON ROLADO | G47: PERFIL HEB ROL | H47: 2030 | I47: PERFIL HEB ROLADO | J47: 53 | L47: ESTRUCTURA PRINCIPAL | N47: V.SECUNDARIA 4PL | O47: 186
A48: =A47+1 -> 48 | B48: PERFILES | C48: PERFIL IPE | E48: PERFIL IPE | G48: PERFIL IPE | H48: 2000 | I48: PERFIL LAMINADO IPE | J48: 54 | L48: ESTRUCTURA PRINCIPAL | N48: V.SECUNDARIA HI | O48: 180
A49: =A48+1 -> 49 | B49: PERFILES | C49: PERFIL IPE | D49: CON PERFORACIÓN | E49: PERFIL IPE CON PERFORACIÓN | G49: PERFIL IPE PERF | H49: 2010 | I49: PERFIL IPE PERFORADO | J49: 55 | L49: ESTRUCTURA PRINCIPAL | N49: V.SECUNDARIA 2C | O49: 186
A50: =A49+1 -> 50 | B50: PERFILES | C50: PERFIL IPE | D50: CON ROLADO | E50: PERFIL IPE CON ROLADO | G50: PERFIL IPE ROL PERF | H50: 2060 | I50: PERFIL IPE ROLADO PERFORADO | J50: 56 | L50: ESTRUCTURA PRINCIPAL | N50: V.SECUNDARIA LAM | O50: 180
A51: =A50+1 -> 51 | B51: PERFILES | C51: PERFIL IPE | D51: CON ROLADO | E51: PERFIL IPE CON ROLADO | G51: PERFIL IPE ROL | H51: 2030 | I51: PERFIL IPE ROLADO | J51: 57 | L51: ESTRUCTURA PRINCIPAL | N51: RIOSTRA 4PL | O51: 186
A52: =A51+1 -> 52 | B52: PERFILES | C52: PERFIL UPN | E52: PERFIL UPN | G52: PERFIL UPN | H52: 2000 | I52: PERFIL LAMINADO UPN | J52: 58 | L52: ESTRUCTURA PRINCIPAL | N52: RIOSTRA HI | O52: 180
A53: =A52+1 -> 53 | B53: PERFILES | C53: PERFIL UPN | D53: CON PERFORACIÓN | E53: PERFIL UPN CON PERFORACIÓN | G53: PERFIL UPN PERF | H53: 2010 | I53: PERFIL UPN PERFORADO | J53: 59 | L53: ESTRUCTURA PRINCIPAL | N53: RIOSTRA 2C | O53: 186
A54: =A53+1 -> 54 | B54: PERFILES | C54: PERFIL UPN | D54: CON ROLADO | E54: PERFIL UPN CON ROLADO | G54: PERFIL UPN ROL PERF | H54: 2060 | I54: PERFIL UPN ROLADO PERFORADO | J54: 60 | L54: ESTRUCTURA PRINCIPAL | N54: RIOSTRA PERFIL LAM | O54: 180
A55: =A54+1 -> 55 | B55: PERFILES | C55: PERFIL UPN | D55: CON ROLADO | E55: PERFIL UPN CON ROLADO | G55: PERFIL UPN ROL | H55: 2030 | I55: PERFIL UPN ROLADO | J55: 61 | L55: ESTRUCTURA PRINCIPAL | N55: COLUMNA 4PL | O55: 186
A56: =A55+1 -> 56 | B56: PERFILES CONFORMADOS | C56: PERFIL CONFORMADO C | D56: CON CORTE - DOBLEZ | E56: PERFIL CONFORMADO C CON CORTE - DOBLEZ | G56: PERFIL C CONF | H56: 2020 | I56: PERFIL C CONFORMADO | J56: 62 | L56: ESTRUCTURA PRINCIPAL | N56: COLUMNA HI | O56: 180
A57: =A56+1 -> 57 | B57: PERFILES CONFORMADOS | C57: PERFIL CONFORMADO C | D57: CON CORTE - DOBLEZ | E57: PERFIL CONFORMADO C CON CORTE - DOBLEZ | G57: PERFIL C CONF PERF | H57: 2020 | I57: PERFIL C CONFORMADO PERFORADO | J57: 63 | L57: ESTRUCTURA PRINCIPAL | N57: COLUMNA 2C | O57: 186
A58: =A57+1 -> 58 | B58: PERFILES CONFORMADOS | C58: PERFIL CONFORMADO C | D58: CON CORTE - DOBLEZ | E58: PERFIL CONFORMADO C CON CORTE - DOBLEZ | G58: PERFIL C CONF BISEL | H58: 2020 | I58: PERFIL C CONFORMADO BISELADO | J58: 64 | L58: ESTRUCTURA PRINCIPAL | N58: COLUMNA CELOSIA | O58: 180
A59: =A58+1 -> 59 | B59: PERFILES CONFORMADOS | C59: PERFIL CONFORMADO G | D59: CON CORTE - DOBLEZ | E59: PERFIL CONFORMADO G CON CORTE - DOBLEZ | G59: PERFIL G CONF | H59: 2020 | I59: PERFIL G CONFORMADO | J59: 65 | L59: ESTRUCTURA PRINCIPAL | N59: V.PRINCIPAL 4PL | O59: 186
A60: =A59+1 -> 60 | B60: PERFILES CONFORMADOS | C60: PERFIL CONFORMADO G | D60: CON CORTE - DOBLEZ | E60: PERFIL CONFORMADO G CON CORTE - DOBLEZ | G60: PERFIL G CONF PERF | H60: 2020 | I60: PERFIL G CONFORMADO PERFORADO | J60: 66 | L60: ESTRUCTURA PRINCIPAL | N60: V.PRINCIPAL HI | O60: 180
A61: =A60+1 -> 61 | B61: PERFILES CONFORMADOS | C61: PERFIN CONFORMADO Z | D61: CON CORTE - DOBLEZ | E61: PERFIN CONFORMADO Z CON CORTE - DOBLEZ | G61: PERFIL Z CONF | H61: 2020 | I61: PERFIL Z CONFORMADO | J61: 67 | L61: ESTRUCTURA PRINCIPAL | N61: V.PRINCIPAL LAM | O61: 180
A62: =A61+1 -> 62 | B62: PERFILES CONFORMADOS | C62: PERFIN CONFORMADO Z | D62: CON CORTE - DOBLEZ | E62: PERFIN CONFORMADO Z CON CORTE - DOBLEZ | G62: PERFIL Z CONF PERF | H62: 2020 | I62: PERFIL Z CONFORMADO PERFORADO | J62: 68 | L62: ESTRUCTURA PRINCIPAL | N62: V.CELOSIA | O62: 180
A63: =A62+1 -> 63 | B63: PERFILES CONFORMADOS | C63: PERFIN CONFORMADO ANGULOS | D63: CON CORTE - DOBLEZ | E63: PERFIN CONFORMADO ANGULOS CON CORTE - DOBLEZ | G63: PERFIL L CONF | H63: 2020 | I63: PERFIL L CONFORMADO | J63: 69 | L63: ESTRUCTURA PRINCIPAL | N63: V.SECUNDARIA 4PL | O63: 186
A64: =A63+1 -> 64 | B64: PERFILES CONFORMADOS | C64: PERFIN CONFORMADO ANGULOS | D64: CON CORTE - DOBLEZ | E64: PERFIN CONFORMADO ANGULOS CON CORTE - DOBLEZ | G64: PERFIL L CONF PERF | H64: 2020 | I64: PERFIL L CONFORMADO PERFORADO | J64: 70 | L64: ESTRUCTURA PRINCIPAL | N64: V.SECUNDARIA HI | O64: 180
A65: 65 | B65: TUBOS | C65: TUBO REDONDO | E65: TUBO REDONDO | G65: TUBO RD | H65: 2000 | I65: TUBO REDONDO | J65: 81 | L65: ESTRUCTURA PRINCIPAL | N65: V.SECUNDARIA LAM | O65: 180
A66: =A65+1 -> 66 | B66: TUBOS | C66: TUBO REDONDO | D66: CON PERFORACIÓN | E66: TUBO REDONDO CON PERFORACIÓN | G66: TUBO RD PERF | H66: 2010 | I66: TUBO REDONDO PERFORADO | J66: 82 | L66: ESTRUCTURA PRINCIPAL | N66: RIOSTRA 4PL | O66: 186
A67: =A66+1 -> 67 | B67: TUBOS | C67: TUBO REDONDO | D67: CON PERFORACIÓN-ROLADO | E67: TUBO REDONDO CON PERFORACIÓN-ROLADO | G67: TUBO RD PERF ROL | H67: 2060 | I67: TUBO REDONDO PERFORADO ROLADO | J67: 83 | L67: ESTRUCTURA PRINCIPAL | N67: RIOSTRA HI | O67: 180
A68: =A67+1 -> 68 | B68: TUBOS | C68: TUBO CUADRADO | E68: TUBO CUADRADO | G68: TUBO CD | H68: 2000 | I68: TUBO CUADRADO | J68: 84 | L68: ESTRUCTURA PRINCIPAL | N68: RIOSTRA PERFIL LAM | O68: 180
A69: =A68+1 -> 69 | B69: TUBOS | C69: TUBO CUADRADO | D69: CON PERFORACIÓN | E69: TUBO CUADRADO CON PERFORACIÓN | G69: TUBO CD PERF | H69: 2010 | I69: TUBO CUADRADO PERFORADO | J69: 85 | L69: ESTRUCTURA PRINCIPAL | N69: TRAMO TORRETA | O69: 180
A70: =A69+1 -> 70 | B70: TUBOS | C70: TUBO RECTANGULAR | E70: TUBO RECTANGULAR | G70: TUBO RT | H70: 2000 | I70: TUBO RECTANGULAR | J70: 86 | L70: ESTRUCTURA PRINCIPAL | N70: MONTANTE | O70: 180
A71: =A70+1 -> 71 | B71: TUBOS | C71: TUBO RECTANGULAR | D71: CON PERFORACIÓN | E71: TUBO RECTANGULAR CON PERFORACIÓN | G71: TUBO RT PERF | H71: 2010 | I71: TUBO RECTANGULAR PERFORADO | J71: 87 | L71: ESTRUCTURA PRINCIPAL | N71: DIAGONAL | O71: 180
A72: =A71+1 -> 72 | B72: EJES | C72: PERNO I | D72: CON ROSCADO-ARMADO | E72: PERNO I | G72: PERNO I | H72: 2000 | I72: PERNO TIPO I | J72: 88 | L72: ESTRUCTURA PRINCIPAL | N72: HORIZONTAL | O72: 180
A73: =A72+1 -> 73 | C73: PERNO J,L | D73: CON ROSCADO-DOBLADO-ARMADO | E73: PERNO L | G73: PERNO L | H73: 2000 | I73: PERNO TIPO L | J73: 89 | L73: ESTRUCTURA PRINCIPAL | N73: TRAMO TORRETA | O73: 180
A74: =A73+1 -> 74 | C74: PERNO J,L | D74: CON ROSCADO-DOBLADO-ARMADO | E74: PERNO J | G74: PERNO J | H74: 2000 | I74: PERNO TIPO J | J74: 90 | L74: ESTRUCTURA PRINCIPAL | N74: MONTANTE | O74: 180
A75: =A74+1 -> 75 | B75: EJES | C75: ESCALANTE | D75: CON ROSCADO-DOBLADO-ARMADO | E75: ESCALANTE | G75: ESCALANTE | H75: 2000 | I75: ESCALANTE | J75: 91 | L75: ESTRUCTURA PRINCIPAL | N75: DIAGONAL | O75: 180
A76: =A75+1 -> 76 | B76: EJES | C76: ANTIESCALANTE | D76: CON ROSCADO-DOBLADO-DESPUNTADO-ARMADO | E76: ANTIESCALANTE | G76: ANTIESCALANTE | H76: 2000 | I76: ANTIESCALANTE | J76: 92 | L76: ESTRUCTURA PRINCIPAL | N76: HORIZONTAL | O76: 180
A77: =A76+1 -> 77 | B77: EJES | C77: ESTRIBO | D77: CON DOBLEZ | E77: ESTRIBO | G77: ESTRIBO | H77: 2000 | I77: ESTRIBO | J77: 93 | L77: ESTRUCTURA PRINCIPAL | N77: TRAMO POSTE | O77: 180
A78: =A77+1 -> 78 | B78: PLATINAS | C78: PLATINA | E78: PLATINA | G78: PLATINA | H78: 2000 | I78: PLATINA | J78: 94 | L78: ESTRUCTURA PRINCIPAL | N78: TRAMO POSTE | O78: 180
A79: =A78+1 -> 79 | B79: PLATINAS | C79: PLATINA | E79: PLATINA DENTADA | G79: PLATINA DENT | H79: 600 | I79: PLATINA DENTADA | J79: 95 | L79: ESTRUCTURA PRINCIPAL | N79: TRAMO POSTE | O79: 180
A80: =A79+1 -> 80 | B80: PLATINAS | C80: PLATINA | E80: VARILLA TREFILADA | G80: VAR.TREFILADA | H80: 622 | I80: VARILLA TRIFILADA | J80: 96 | L80: ESTRUCTURA PRINCIPAL | N80: PLATAFORMA | O80: 180
A81: =A80+1 -> 81 | B81: PLATINAS | C81: PLATINA | E81: VARILLA | G81: VARILLA | H81: 2000 | I81: VARILLA | J81: 97 | L81: ESTRUCTURA PRINCIPAL | N81: PLATAFORMA | O81: 180
A82: =A81+1 -> 82 | B82: PLATINAS | C82: PLATINA | E82: VARILLA | G82: VAR.ROSCADA DOB | H82: 2020 | I82: VARILLA ROSCADA DOBLADA | J82: 98 | L82: ESTRUCTURA PRINCIPAL | N82: PLATAFORMA | O82: 180
A83: =A82+1 -> 83 | B83: PLATINAS | C83: PLATINA | E83: VARILLA | G83: VAR.ROSCADA | H83: 2040 | I83: VARILLA ROSCADA | J83: 99 | L83: ESTRUCTURA PRINCIPAL | N83: PLATAFORMA | O83: 180
A84: =A83+1 -> 84 | B84: PLATINAS | C84: PLATINA | E84: VARILLA | G84: VAR.DOBLADA | H84: 2020 | I84: VARILLA DOBLADA | J84: 100 | L84: ESTRUCTURA PRINCIPAL | N84: SOPORTES | O84: 180
A85: =A84+1 -> 85 | B85: PLATINAS | C85: GUARDA HOMBRE | D85: CON DOBLEZ | E85: GUARDA HOMBRE | G85: GUARDA HOMBRE | H85: 2000 | I85: GUARDA HOMBRE | J85: 101 | L85: ESTRUCTURA PRINCIPAL | N85: SOPORTES | O85: 180
A86: =A85+1 -> 86 | B86: VIROLA | C86: VIROLA | D86: CON PERFORACIÓN- BISEL-ROLADO | E86: VIROLA CON PERFORACIÓN- BISEL-ROLADO | G86: VIROLA PERF BISEL | H86: 2065 | I86: VIROLA PERFORADA BISELADA | J86: 102 | L86: ESTRUCTURA PRINCIPAL | N86: SOPORTES | O86: 180
A87: =A86+1 -> 87 | B87: VIROLA | C87: VIROLA | D87: CON PERFORACIÓN-ROLADO | E87: VIROLA CON PERFORACIÓN-ROLADO | G87: VIROLA PERF | H87: 2010 | I87: VIROLA PERFORADA | J87: 103 | L87: ESTRUCTURA PRINCIPAL | N87: CELOSIA | O87: 180
A88: =A87+1 -> 88 | B88: VIROLA | C88: VIROLA | D88: CON PERFORACIÓN-ROLADO | G88: MALLA EXP | H88: 2000 | I88: MALLA EXPANDIDA | J88: 104 | L88: ESTRUCTURA PRINCIPAL | N88: VIGA HI | O88: 180
A89: =A88+1 -> 89 | G89: MEDIO HEXG CONF | H89: 2000 | I89: MEDIO HEXAGONO CONFORMADO | J89: 105 | L89: ESTRUCTURA PRINCIPAL | N89: DOVELA HI | O89: 180
A90: =A89+1 -> 90 | G90: MEDIO OCTG CONF | H90: 2000 | I90: MEDIO OCTOGONO CONFORMADO | J90: 106 | L90: ESTRUCTURA PRINCIPAL | N90: DOVELA HI | O90: 180
A91: =A90+1 -> 91 | G91: MEDIO HEXADECG CONF | H91: 2000 | I91: MEDIO HEXADECAGONO CONFORMADO | J91: 107 | L91: ESTRUCTURA PRINCIPAL | N91: TRAMO DE PUENTE | O91: 180
A92: =A91+1 -> 92 | G92: MEDIO OCTGDECG CONF | H92: 2000 | I92: MEDIO OCTODECAGONO CONFORMADO | J92: 108 | L92: ESTRUCTURA PRINCIPAL | N92: TRAMO DE PUENTE | O92: 180
A93: =A92+1 -> 93 | G93: PERFIL UV CONF PERF | H93: 2010 | I93: PERFIL UV CONFORMADO PERFORADO | J93: 109 | L93: ESTRUCTURA PRINCIPAL | N93: TRAMO DE PUENTE | O93: 180
A94: =A93+1 -> 94 | G94: PL.ANTIDES | H94: 2000 | I94: PLACA ANTIDESLIZANTE | J94: 110 | L94: ESTRUCTURA PRINCIPAL | N94: V.PUENTE | O94: 180
A95: =A94+1 -> 95 | G95: PL.ANTIDES PERF | H95: 2010 | I95: PLACA ANTIDESLIZANTE PERFORADA | J95: 111 | L95: ESTRUCTURA PRINCIPAL | N95: V.PUENTE | O95: 180
A96: =A95+1 -> 96 | G96: PL.ANTIDES DOB | H96: 2020 | I96: PLACA ANTIDESLIZANTE DOBLADA | J96: 112 | L96: ESTRUCTURA PRINCIPAL | N96: V.PUENTE | O96: 180
A97: =A96+1 -> 97 | G97: PL.ANTIDES DOB PERF | H97: 2050 | I97: PLACA ANTIDESLIZANTE DOBLADA PERFORADA | J97: 113 | L97: ESTRUCTURA PRINCIPAL | N97: BASE ESTRUCTURAL | O97: 180
A98: =A97+1 -> 98 | G98: A.PERF DESP | H98: 2010 | I98: ANGULO PERFORADO DESPUNTADO | J98: 114 | L98: ESTRUCTURA PRINCIPAL | N98: BASE ESTRUCTURAL | O98: 180
A99: =A98+1 -> 99 | G99: A.PERF DESP DEST | H99: 2010 | I99: ANGULO PERFORADO DESPUNTADO DESTALONADO | J99: 115 | L99: ESTRUCTURA PRINCIPAL | N99: EST.BANDA TRANSPOR | O99: 180
A100: =A99+1 -> 100 | G100: A.PERFORADO ROLADO | H100: 2060 | I100: ANGULO PERFORADO ROLADO | J100: 116 | L100: ESTRUCTURA PRINCIPAL | N100: EST.BANDA TRANSPOR | O100: 180
...
